,Wav ID,mfcc_0,mfcc_1,mfcc_2,mfcc_3,mfcc_4,mfcc_5,mfcc_6,mfcc_7,mfcc_8,mfcc_9,mfcc_10,mfcc_11,mfcc_12,camean,castdev,caskew,cakurtosis,cdmean,cdstdev,cdskew,cdkurtosis,gfcc_1_mean,gfcc_2_mean,gfcc_3_mean,gfcc_4_mean,gfcc_5_mean,gfcc_6_mean,gfcc_7_mean,gfcc_8_mean,gfcc_9_mean,gfcc_10_mean,gfcc_11_mean,gfcc_12_mean,gfcc_13_mean,gfcc_14_mean,gfcc_15_mean,gfcc_16_mean,gfcc_17_mean,gfcc_18_mean,gfcc_19_mean,gfcc_20_mean,gfcc_21_mean,gfcc_22_mean,gfcc_1_std,gfcc_2_std,gfcc_3_std,gfcc_4_std,gfcc_5_std,gfcc_6_std,gfcc_7_std,gfcc_8_std,gfcc_9_std,gfcc_10_std,gfcc_11_std,gfcc_12_std,gfcc_13_std,gfcc_14_std,gfcc_15_std,gfcc_16_std,gfcc_17_std,gfcc_18_std,gfcc_19_std,gfcc_20_std,gfcc_21_std,gfcc_22_std,mean,variance,skew,kurtosis,psd,rms,zcr,Labels
0,1.wav,-467.0059,30.030811,28.43273,25.96486,22.885386,19.493237,16.082209,12.900651,10.124111,7.8445253,6.0755424,4.7701435,3.844596,-0.001296222792007029,0.15892106032988706,-0.025464307516813278,32.266951154571714,1.5530851604772522e-10,9.527241766270925e-06,0.4343215525150299,21.286015699669722,-0.16187522445511107,0.1023273251960182,-0.05235524037545459,0.036365909799909675,-0.01953863093572593,0.015591219023905764,-0.010184029213948185,0.007991696968988929,-0.006996062357122023,0.0067697721738685,-0.004943905105668168,0.004940643110956233,-0.0025663127356695195,0.0008290470448118377,0.001969492350308654,-0.0049198416047352535,0.007918202456345546,-0.010348841282741826,0.012327938828864736,-0.012671932301374892,0.01217155213025934,-0.010226237313383658,0.15992467974184849,0.11378195868491803,0.07302524566479669,0.05774818942645684,0.02931204004579995,0.018954264768839837,0.014608817829073445,0.01055005772862132,0.01221206427275941,0.01183083366223494,0.011241836052889007,0.010579039027840942,0.007518437897123556,0.005037331670132104,0.004439991417957985,0.008095867590880337,0.011902638914695566,0.015989468184742457,0.01870657718244158,0.019221792464520993,0.01798353262555391,0.014768677362687343,-0.00091667415,0.012629324,-0.025460664182901382,32.26253224460876,"[4.58745331e-01 1.87157774e+00 4.33083862e-01 3.92546318e-02
 4.29164851e-03 2.10726328e-04 1.62480865e-05 2.21468849e-06
 7.36475954e-07 2.69946611e-07 1.24828176e-07 6.41016413e-08
 3.75524536e-08 2.30530937e-08 1.45848666e-08 9.04623221e-09
 6.69248967e-09 5.08777687e-09 3.49690232e-09 2.83846124e-09
 2.20834884e-09 1.85142979e-09 1.55060753e-09 1.32112143e-09
 1.14996035e-09 1.07068698e-09 9.34697542e-10 9.42537826e-10
 8.07945988e-10 8.38618563e-10 7.66980146e-10 8.10074119e-10
 7.73222653e-10 7.05455583e-10 6.88620938e-10 6.26014962e-10
 6.48465948e-10 5.98306404e-10 6.35091091e-10 5.86646176e-10
 6.09977346e-10 5.34494171e-10 5.32521527e-10 5.71612313e-10
 5.64646607e-10 5.49175316e-10 5.58711299e-10 5.27333011e-10
 5.13224019e-10 4.81362950e-10 4.83357021e-10 4.70419037e-10
 4.53238419e-10 4.17984619e-10 4.14920348e-10 4.14516116e-10
 3.77550075e-10 3.77529674e-10 3.84728721e-10 3.46187495e-10
 3.44692996e-10 3.34268002e-10 3.14963472e-10 3.24796717e-10
 3.04148540e-10 3.03879477e-10 3.01224767e-10 2.86836777e-10
 2.73768369e-10 2.78972179e-10 2.65940880e-10 2.53175675e-10
 2.42294296e-10 2.44822579e-10 2.43037729e-10 2.40840181e-10
 2.35887504e-10 2.37398601e-10 2.26133418e-10 2.22867294e-10
 2.40740150e-10 2.38186387e-10 2.21041935e-10 2.26291777e-10
 2.33535885e-10 2.21023866e-10 2.26663063e-10 2.35839487e-10
 2.21794721e-10 2.14797943e-10 2.20045995e-10 2.20239313e-10
 2.07302633e-10 2.19418858e-10 2.41421994e-10 2.55508947e-10
 2.43790294e-10 2.72603662e-10 2.54956223e-10 2.44581883e-10
 2.29754826e-10 2.32110497e-10 2.36382663e-10 2.37575987e-10
 2.26846500e-10 2.14747081e-10 1.92216104e-10 1.69741721e-10
 1.50704935e-10 1.25232699e-10 1.05801631e-10 9.13110490e-11
 6.47354809e-11 4.70417906e-11 3.20705754e-11 2.02803087e-11
 1.23612388e-11 7.38102635e-12 3.79234621e-12 1.88057230e-12
 8.97114956e-13 3.70301879e-13 1.33563435e-13 4.33611853e-14
 1.38901325e-14 4.56422221e-15 2.29140623e-15 3.75810985e-15
 8.30252589e-16]",0.054259133,0.00608543113425926,0
1,2.wav,-547.4695,46.999607,43.693832,38.67811,32.594315,26.166515,20.074808,14.848034,10.796354,7.993905,6.3094006,5.4719787,5.1530437,-0.0012970042880624533,0.08795230241761133,-0.021346835419535637,10.568123358039815,-6.057366414013998e-11,9.504956470171195e-06,-0.028641413897275925,0.11515220398128756,-0.21075935105194285,0.13383291923127388,-0.07170531084737318,0.05443284310557358,-0.03344877422183491,0.028737392475367933,-0.02124821514973381,0.01673483114524125,-0.014272788846437135,0.012569054231777697,-0.008928577373968242,0.008424905425029078,-0.005036942336842865,0.002963695318959876,9.656195951643224e-05,-0.003531242832978147,0.006672142681227893,-0.009079454989589585,0.011174834838835628,-0.0113551513947084,0.011132780084852908,-0.009571781897967665,0.18319996951308604,0.12932666716270777,0.08525113976704184,0.07319382151416287,0.04194124772971922,0.031304066563288074,0.026494571341904655,0.019168413381496097,0.01936468239181212,0.01647705712735494,0.013901204414872612,0.012365113364714115,0.008682016078111015,0.006431240321989216,0.006529178460833885,0.010072200601619428,0.013666446003455712,0.0174838292287195,0.019917887235579867,0.020107413616820637,0.018575396176629268,0.015225589811668902,-0.00091722724,0.0038682243,-0.021340010687708855,10.566408643847266,"[7.34216720e-02 5.13990223e-01 9.96554643e-02 5.54957613e-03
 5.29441284e-04 2.26022821e-05 4.76802688e-06 8.01966053e-07
 3.09223111e-07 1.32784052e-07 6.88647148e-08 3.71841544e-08
 2.29322303e-08 1.34213485e-08 9.18849707e-09 6.12859719e-09
 3.95310273e-09 3.41480511e-09 2.25545138e-09 1.72846781e-09
 1.47230372e-09 1.24379274e-09 1.12729093e-09 9.67660618e-10
 8.97193597e-10 7.89942112e-10 8.07867273e-10 7.32701844e-10
 7.01148417e-10 6.96474822e-10 6.73707257e-10 6.38932462e-10
 6.60532407e-10 5.79440884e-10 5.82469961e-10 5.61428570e-10
 5.76657999e-10 5.39761680e-10 5.22644594e-10 5.38900979e-10
 5.34842060e-10 5.28331823e-10 4.90819774e-10 4.85110840e-10
 4.55410043e-10 4.75602946e-10 5.08346698e-10 4.64550204e-10
 4.48740989e-10 4.32552355e-10 4.12486684e-10 4.02021472e-10
 4.03961892e-10 3.93039101e-10 3.84824783e-10 3.70622671e-10
 3.72910397e-10 3.57948005e-10 3.54747010e-10 3.38995582e-10
 3.25205640e-10 3.14576448e-10 2.94752361e-10 3.00031666e-10
 3.11571741e-10 2.79606949e-10 2.56637350e-10 2.65784894e-10
 2.74169826e-10 2.64414352e-10 2.42738440e-10 2.39191111e-10
 2.51319937e-10 2.36708347e-10 2.23696422e-10 2.46823811e-10
 2.44368970e-10 2.35431757e-10 2.41936499e-10 2.39378323e-10
 2.50163029e-10 2.41793724e-10 2.37314113e-10 2.26203736e-10
 2.17123194e-10 2.16422477e-10 2.16315382e-10 2.25355817e-10
 2.23234667e-10 2.15371304e-10 2.21902011e-10 2.25618899e-10
 2.22674282e-10 2.38083664e-10 2.46055343e-10 2.41400289e-10
 2.43535414e-10 2.55675064e-10 2.53163823e-10 2.55526628e-10
 2.42495690e-10 2.35961417e-10 2.39600256e-10 2.42685372e-10
 2.32220174e-10 2.17916407e-10 2.00689937e-10 1.89339086e-10
 1.51511081e-10 1.25483138e-10 1.04810993e-10 8.23559693e-11
 6.46573350e-11 4.70578229e-11 3.13911674e-11 1.99111144e-11
 1.25308956e-11 7.27532921e-12 3.93674720e-12 1.95402787e-12
 9.11607920e-13 3.71731075e-13 1.27352949e-13 4.01754063e-14
 1.22572486e-14 3.14143662e-15 9.90859459e-16 1.16319763e-15
 2.46915980e-16]",0.03823002,0.007310655381944444,0
2,3.wav,-493.46152,45.738007,43.258198,39.384975,34.47106,28.942736,23.245995,17.793795,12.922318,8.862035,5.7264075,3.5178397,2.1476383,-0.0013000144390389323,0.14793516953194774,-0.011587981134653091,12.581717660584424,-2.933286391559875e-10,1.06166158998134e-05,-0.0027419752441346645,0.08896837321909823,-0.22757106838849558,0.14501324184756903,-0.08149922466260899,0.05699741883841455,-0.02917099926923573,0.023357587422385806,-0.01580473548638849,0.012531047535328424,-0.012385582402485426,0.01279164097875294,-0.01042914623130238,0.010115770719490486,-0.006099586912467523,0.0031548305459637776,0.0003564369666071387,-0.003798162891959275,0.006254389360694303,-0.007948609071103558,0.009336095761482286,-0.00923201885686103,0.009230872552784548,-0.008456371441037537,0.17577350701843975,0.1272568913703326,0.0847716019114925,0.07653349436967284,0.04805099165426661,0.037581476213043474,0.03197569944228105,0.02355494805939018,0.02206396594649528,0.018097635686550154,0.015350388408867561,0.013707866318018777,0.009863923137297859,0.007479531343420906,0.008007680727813243,0.012172961108919706,0.0163419731062098,0.020321524998612988,0.02264145467913089,0.02242279458481557,0.020261965947290357,0.01609197942313402,-0.00091936724,0.010943597,-0.011584218591451645,12.579744715689571,"[3.4817615e-01 1.5461591e+00 3.3767405e-01 2.1691164e-02 2.3810233e-03
 6.4337633e-05 6.9811936e-06 1.4796375e-06 5.8636834e-07 2.7764824e-07
 1.3236388e-07 7.2540644e-08 4.3273399e-08 2.7102443e-08 1.7686071e-08
 1.1006513e-08 8.8909609e-09 6.8285932e-09 4.6883475e-09 3.9487942e-09
 3.2412659e-09 2.9563760e-09 2.7445524e-09 2.4584339e-09 2.3785269e-09
 2.1484614e-09 2.0141058e-09 1.8484708e-09 1.7587546e-09 1.7433240e-09
 1.7313195e-09 1.6389936e-09 1.4991973e-09 1.5688880e-09 1.4998283e-09
 1.4108121e-09 1.3826369e-09 1.2406439e-09 1.1936689e-09 1.1569370e-09
 1.0888105e-09 1.0876061e-09 1.0632633e-09 9.8385966e-10 9.8560138e-10
 9.6929897e-10 8.6804375e-10 8.9383950e-10 8.7043345e-10 8.0264828e-10
 7.8595835e-10 7.4689444e-10 6.7016792e-10 6.2330913e-10 5.8933697e-10
 5.9343891e-10 5.8898181e-10 5.4456767e-10 5.3830446e-10 4.7902049e-10
 4.8892396e-10 4.8946164e-10 4.4827200e-10 4.2932258e-10 4.3107409e-10
 4.3255416e-10 3.8430356e-10 3.6238942e-10 3.3707917e-10 3.2325784e-10
 3.2865749e-10 3.3999742e-10 3.1386771e-10 2.8881289e-10 2.8806574e-10
 2.8845959e-10 2.7449812e-10 2.6571514e-10 2.6876704e-10 2.7418842e-10
 2.6547697e-10 2.6264546e-10 2.4622199e-10 2.4792296e-10 2.5392063e-10
 2.4930455e-10 2.4038332e-10 2.4498120e-10 2.6072769e-10 2.5672503e-10
 2.4610733e-10 2.6549743e-10 2.8153399e-10 2.7164990e-10 2.6908498e-10
 2.8458449e-10 3.0258671e-10 3.0877934e-10 2.9290101e-10 2.9877645e-10
 2.8963709e-10 2.8263661e-10 2.7818506e-10 2.8982863e-10 2.6561964e-10
 2.6563149e-10 2.6947330e-10 2.1870586e-10 1.9298750e-10 1.5555270e-10
 1.3120746e-10 1.0820949e-10 8.4977893e-11 6.3120439e-11 4.1060443e-11
 2.6096268e-11 1.5954146e-11 9.6117567e-12 4.8743063e-12 2.4054417e-12
 1.1443183e-12 4.7039992e-13 1.7167882e-13 5.6523413e-14 1.6702856e-14
 4.6470421e-15 2.1063719e-15 3.1487518e-15 8.3047086e-16]",0.067872256,0.009874131944444444,0
3,4.wav,-477.09448,41.272854,37.960964,33.03813,27.242409,21.343788,15.981769,11.558811,8.211711,5.855572,4.2730584,3.2122974,2.4618464,-0.0012933281250298023,0.15619835149179367,-0.023769160732626915,21.347330972110267,-3.2388794424242917e-10,9.668272470526523e-06,-0.02106756716966629,0.16651198139298318,-0.18524406692515755,0.1030560912469302,-0.046755790479764116,0.03544458304403905,-0.019170424408638743,0.012661894772276026,-0.005633550735789169,0.002989725670119097,-0.0017250043691293528,0.0024091817040544374,-0.0017792831795719073,0.0026586248245580074,-0.000777609712737527,-0.00047903959154388777,0.0027740824491850856,-0.005029702141399767,0.007136201404297582,-0.00859685592529942,0.009867915702895384,-0.009873958257483412,0.009476376668785227,-0.007970734030732455,0.17354584802225642,0.12642374100113066,0.08153000356924871,0.0627319668774053,0.03540750690421379,0.02672985005483504,0.02188726920756786,0.016695687176864732,0.0160223461127867,0.013970039449946103,0.011967287938679223,0.010833237165673222,0.00785025274715231,0.006000725886944335,0.0062465747519052294,0.010279048384000273,0.014022409339448996,0.017946692932679902,0.020300131001540375,0.020248542390259607,0.018572253326436798,0.0149387184543979,-0.00091462897,0.0122002885,-0.02376401610672474,21.344286590078735,"[4.5441374e-01 1.8175780e+00 4.5538217e-01 3.5509463e-02 4.1529979e-03
 1.5772252e-04 3.1658041e-05 6.7035953e-06 1.5305717e-06 6.9509935e-07
 3.2142606e-07 1.6059705e-07 9.6461001e-08 6.5407519e-08 3.5320873e-08
 2.3929717e-08 1.6047927e-08 1.3435667e-08 7.9289970e-09 6.4091119e-09
 4.4419952e-09 3.8214427e-09 3.0179086e-09 2.2094100e-09 1.8523567e-09
 1.6191024e-09 1.4113840e-09 1.2062920e-09 1.0554650e-09 9.4883490e-10
 8.0506357e-10 8.6531871e-10 7.8779111e-10 6.9111439e-10 6.9419215e-10
 7.0406331e-10 6.5808459e-10 6.0588218e-10 6.0113475e-10 6.0085620e-10
 5.5200344e-10 5.7611821e-10 5.5032934e-10 5.3764920e-10 5.6571725e-10
 5.2460924e-10 5.0419058e-10 5.1925342e-10 5.1585641e-10 4.6359752e-10
 4.5541365e-10 4.7898463e-10 4.8117371e-10 4.4141737e-10 4.1007678e-10
 3.9883791e-10 3.9142042e-10 3.4884945e-10 3.3541447e-10 3.4724629e-10
 3.5625064e-10 3.4231903e-10 3.2397288e-10 3.5251935e-10 3.3091294e-10
 2.9611871e-10 2.8127653e-10 2.8703451e-10 2.8954222e-10 2.7679670e-10
 2.6537336e-10 2.5572419e-10 2.5179420e-10 2.3533520e-10 2.3638821e-10
 2.4869565e-10 2.4849528e-10 2.4314675e-10 2.4056054e-10 2.4444574e-10
 2.5528654e-10 2.4592267e-10 2.1736898e-10 2.1608344e-10 2.3037254e-10
 2.3423971e-10 2.2903231e-10 2.1860860e-10 2.0565136e-10 2.1636729e-10
 2.2709309e-10 2.2732460e-10 2.3134460e-10 2.3957322e-10 2.5059124e-10
 2.7118965e-10 2.7306607e-10 2.7587180e-10 2.4602029e-10 2.5298671e-10
 2.5581245e-10 2.4464938e-10 2.4216582e-10 2.3300784e-10 2.2178247e-10
 2.1694796e-10 2.0697008e-10 1.8572228e-10 1.6393029e-10 1.3529315e-10
 1.0715302e-10 8.9408314e-11 7.0138631e-11 4.9976603e-11 3.3521533e-11
 2.1361019e-11 1.2723625e-11 7.0150448e-12 3.8771607e-12 2.0485506e-12
 8.7344357e-13 3.5572589e-13 1.3736283e-13 4.4156685e-14 1.3031175e-14
 4.1243173e-15 2.5361141e-15 2.7562757e-15 8.7526583e-16]",0.06094282,0.007378472222222222,0
4,5.wav,-501.43863,40.63142,38.138077,34.408627,29.948507,25.144924,20.40464,16.023802,12.3081665,9.368141,7.243564,5.7985425,4.921875,-0.0012844604207202792,0.14643680066594716,-0.006678942125290632,12.175953398974288,5.632778243835901e-09,4.0965055658682515e-05,21.326271057128906,12476.963102764603,-0.2262000582433398,0.1478144764680208,-0.08248412456795534,0.06500376500246739,-0.03881871695614543,0.031926053389088,-0.023928967546267162,0.018388728220160595,-0.016697085178231687,0.014880781469229701,-0.011382070459958041,0.010655432414929094,-0.006623477084314899,0.003666277360019381,6.184609173607261e-05,-0.004319992418425572,0.007871914806996883,-0.010798420823145471,0.013176447820526432,-0.013464688671299716,0.01316676348063572,-0.011285282060375594,0.19055121204549813,0.13757750854108636,0.09054012774595234,0.07711881195322808,0.04432472378013404,0.03384375089937252,0.028802213949152024,0.021613291720268202,0.021000074227170658,0.018059341017756806,0.015664570410637988,0.014163398125575528,0.010225657616736475,0.007787332934857363,0.008021266139785313,0.012063119008444837,0.016156281621546795,0.020487952379535004,0.023266182547257108,0.02347570979721982,0.021732768145328554,0.017770742295159358,-0.0009065733,0.010722755,-0.006688091438263655,12.174771514611425,"[3.82347345e-01 1.56055748e+00 3.47709358e-01 2.11167559e-02
 2.31942534e-03 9.43627238e-05 8.30475983e-06 1.62222386e-06
 5.32609192e-07 2.35388285e-07 1.07660100e-07 6.11330293e-08
 3.58560541e-08 2.01717523e-08 1.45349714e-08 8.96165719e-09
 6.25756957e-09 4.79499285e-09 3.24201710e-09 2.69527645e-09
 2.03341544e-09 1.65224401e-09 1.46088253e-09 1.18903887e-09
 1.07791809e-09 9.32854682e-10 9.33011113e-10 8.09443679e-10
 8.40872982e-10 7.72682640e-10 7.34155348e-10 6.98483715e-10
 6.74410083e-10 6.87349178e-10 6.54194754e-10 6.03353589e-10
 6.02821459e-10 5.98054828e-10 5.73407433e-10 5.64394476e-10
 5.62836888e-10 5.41294454e-10 5.72276393e-10 5.24855659e-10
 4.95546826e-10 4.95312014e-10 4.86152951e-10 4.47689108e-10
 4.96876540e-10 4.73995010e-10 4.16944590e-10 4.03543449e-10
 4.19894147e-10 4.03777706e-10 3.87529342e-10 3.72159553e-10
 3.66283753e-10 3.46874168e-10 3.52140761e-10 3.34689859e-10
 3.21917631e-10 3.27363053e-10 3.11043052e-10 3.21535437e-10
 3.01923764e-10 2.90249574e-10 2.91861535e-10 2.67512595e-10
 2.53879501e-10 2.58638194e-10 2.60685723e-10 2.36550030e-10
 2.22961233e-10 2.19798277e-10 2.32396505e-10 2.34449044e-10
 2.34137376e-10 2.28011054e-10 2.26438007e-10 2.19861934e-10
 2.24476535e-10 2.29223571e-10 2.14329485e-10 2.17511162e-10
 2.10703829e-10 1.99379596e-10 2.05807801e-10 2.02302605e-10
 1.95028119e-10 2.01019326e-10 1.90726809e-10 2.12140944e-10
 2.29451957e-10 2.16712273e-10 2.25349725e-10 2.49128496e-10
 2.51790838e-10 2.41535014e-10 2.29886665e-10 2.30875125e-10
 2.27442676e-10 2.32799183e-10 2.26760680e-10 2.24655822e-10
 2.19613369e-10 2.07218423e-10 1.83340509e-10 1.72481751e-10
 1.50064475e-10 1.22470131e-10 1.03994702e-10 9.17177653e-11
 6.51068643e-11 4.65571123e-11 3.22336879e-11 2.02825638e-11
 1.25477354e-11 6.85808355e-12 3.39445637e-12 1.67471701e-12
 8.39290117e-13 3.53808345e-13 1.32065894e-13 4.22200964e-14
 1.21220215e-14 3.60688652e-15 1.79599742e-15 2.49069890e-15
 7.37941509e-16]",0.06514851,0.017012984664351853,0
5,6.wav,-516.0458,55.697857,51.505856,45.195385,37.594936,29.57457,21.8939,15.111688,9.5550585,5.3337946,2.3863504,0.54459125,-0.40097567,0.0010817587608471513,0.07555345462267812,-0.0900113582611084,26.063272997203455,-2.691655787145919e-10,8.004462234853871e-06,-0.04557995870709419,51.22388474269707,-0.3256886019220553,0.19922323749015203,-0.10759799406299762,0.07896048519931305,-0.03517104870909039,0.021587365573745423,-0.016970404176614332,0.01624002142729932,-0.019664551511091786,0.02058814343788037,-0.01990927725952756,0.017868807531207634,-0.011865609629763426,0.006012214964252486,-0.0018130285218171957,-0.001055013440704298,0.002499554354966564,-0.0038648571210913385,0.005953864343419811,-0.0074945738299881555,0.006897393183514982,-0.0043488106898467134,0.11236120106203157,0.08039894632195342,0.04693088464043561,0.0377469681143569,0.030883108118172325,0.03454314516531239,0.035533291948573166,0.03315390649082106,0.02795417786513153,0.022418272156400233,0.016660547089101033,0.011392512506431359,0.007719333537335724,0.007453022222399302,0.010140559719984349,0.014650314120611355,0.01775121161933159,0.019782163576153602,0.02039765306568736,0.018786341736698506,0.016438065191434918,0.01326315277156046,0.0007649162,0.0028544718,-0.09000410884618759,26.059404233810337,"[1.1527796e-01 4.2883191e-01 1.0983303e-01 1.0233791e-02 1.0634601e-03
 3.5673515e-05 3.8498883e-06 6.3998175e-07 3.8477901e-07 1.7611306e-07
 7.0316119e-08 3.7623231e-08 2.9746168e-08 3.8963403e-08 2.2350921e-08
 1.1856246e-08 1.4844433e-08 1.0742395e-08 7.5404252e-09 4.8965778e-09
 6.2337704e-09 3.9305252e-09 2.5998563e-09 2.0537390e-09 1.5424041e-09
 1.2050971e-09 1.0745747e-09 1.0132220e-09 8.4145702e-10 7.9244811e-10
 6.8259165e-10 5.5797955e-10 5.3303767e-10 4.7183008e-10 3.9499889e-10
 3.3624373e-10 3.0917427e-10 3.0348421e-10 2.9862762e-10 2.6330960e-10
 2.5367547e-10 2.5409896e-10 2.5799765e-10 2.3142292e-10 2.3240374e-10
 2.3357419e-10 2.2780036e-10 2.2023421e-10 2.1956321e-10 2.2797750e-10
 2.0728233e-10 2.0012973e-10 1.9525954e-10 1.8137969e-10 1.8398212e-10
 1.8574629e-10 1.8361090e-10 1.7827073e-10 1.7367950e-10 1.7171087e-10
 1.7079585e-10 1.7584127e-10 1.7562667e-10 1.7999591e-10 1.7060885e-10
 1.8321766e-10 1.7962881e-10 1.6661951e-10 1.6140163e-10 1.5943288e-10
 1.6160245e-10 1.5369450e-10 1.6115138e-10 1.6086107e-10 1.6328841e-10
 1.6345214e-10 1.6715838e-10 1.7543562e-10 1.8029685e-10 1.7914158e-10
 1.6629254e-10 1.7197228e-10 1.7180048e-10 1.6869343e-10 1.7423232e-10
 1.7928112e-10 1.6660270e-10 1.6664899e-10 1.6817171e-10 1.6269791e-10
 1.5580588e-10 1.6681766e-10 1.7109880e-10 1.6149551e-10 1.6679451e-10
 1.7976014e-10 1.7861806e-10 1.7041395e-10 1.6134141e-10 1.6648559e-10
 1.5984758e-10 1.4940449e-10 1.4024479e-10 1.4420944e-10 1.3419485e-10
 1.2174499e-10 1.1798859e-10 1.0288816e-10 8.8343513e-11 7.1586362e-11
 5.9611358e-11 4.6929915e-11 3.3062830e-11 2.3741580e-11 1.5871729e-11
 9.9758786e-12 6.4658253e-12 3.5734762e-12 1.8919946e-12 8.6191953e-13
 3.4943944e-13 1.5204016e-13 6.0345324e-14 1.7801553e-14 4.7490600e-15
 1.3568321e-15 7.0327933e-16 6.6185249e-16 4.0196303e-16]",0.030210925,0.022659866898148147,1
6,7.wav,-483.41226,94.81681,75.374596,50.19251,26.56742,9.711957,1.2018465,-0.62057525,1.064039,3.3732808,4.7370334,4.9142365,4.418766,0.001307991100475192,0.08707753804350207,-0.11311373859643936,17.881684064334777,2.9182348204592756e-10,8.774139522012283e-06,1.664075493812561,197.70275729571557,-0.3737978237791193,0.17746937846186117,-0.04077226681933907,0.018425643901997118,-0.011870616039492408,0.030535119571646046,-0.040831990571793146,0.040931129141144995,-0.03679711978456617,0.027992630181338917,-0.019864352323425795,0.013855167521444011,-0.006451273370115794,0.0007421202690469513,0.0025607328619280194,-0.0036248792130222835,0.003463970986511043,-0.0047601749660256655,0.0072241991823617496,-0.008776663314194154,0.008118745645754365,-0.005405621832263362,0.14047064413913127,0.08497761917769397,0.08695849592837311,0.10079435147439607,0.07630325471954502,0.04147449216888644,0.019062761980435067,0.010985319138092933,0.009464240332594317,0.009059585577629736,0.010880151609602144,0.011174378754358632,0.010284871237374543,0.00896319747947945,0.009627634405033022,0.013185751700388259,0.015969957379038942,0.01862419979877807,0.020110170896644308,0.019215412546189147,0.01732365325407,0.014198921827795377,0.000925129,0.0037916594,-0.11311857402324677,17.879098495005707,"[1.13630705e-01 5.52748740e-01 1.27468601e-01 1.46120852e-02
 1.79973636e-02 1.03979334e-02 3.33868875e-03 6.61863654e-04
 1.34055546e-04 2.13698349e-05 5.27718794e-06 1.25136967e-06
 4.01925632e-07 2.34405633e-07 1.01945560e-07 3.17299396e-08
 2.86200343e-08 1.70130452e-08 9.53211465e-09 4.50312143e-09
 4.21307123e-09 2.52293608e-09 1.54527813e-09 9.86113857e-10
 8.01824607e-10 6.23124274e-10 5.01562680e-10 4.43249687e-10
 3.84657056e-10 3.59681868e-10 3.26212446e-10 3.01344505e-10
 2.82185331e-10 2.44737508e-10 2.25063981e-10 2.05803014e-10
 2.15558890e-10 2.21386812e-10 2.23664892e-10 2.11226259e-10
 2.10015644e-10 2.18010707e-10 2.05519032e-10 2.09327264e-10
 2.11180434e-10 2.17249690e-10 2.10578124e-10 2.12496673e-10
 2.17341298e-10 2.12709114e-10 2.07139930e-10 1.96805780e-10
 1.88266250e-10 1.94220362e-10 1.96509073e-10 1.87024354e-10
 2.05308187e-10 1.98159184e-10 2.09139345e-10 2.00949729e-10
 1.98406611e-10 2.09559356e-10 2.01181155e-10 1.90720120e-10
 1.74617210e-10 1.87070373e-10 1.91597016e-10 1.80335136e-10
 1.87291016e-10 1.85229401e-10 1.84627785e-10 1.91015231e-10
 1.96798217e-10 2.07246303e-10 1.92086208e-10 1.90898200e-10
 1.90521474e-10 1.91535926e-10 2.00423553e-10 2.01292330e-10
 1.95828923e-10 2.05010023e-10 2.07608791e-10 2.04651768e-10
 2.01756126e-10 1.93708050e-10 1.91180169e-10 1.89162963e-10
 1.85928314e-10 1.93407165e-10 1.94438257e-10 1.94302782e-10
 1.95014851e-10 1.99715716e-10 2.00093012e-10 2.08462081e-10
 1.99657860e-10 2.07125511e-10 1.98112970e-10 1.82314275e-10
 1.84453425e-10 1.81182000e-10 1.70022191e-10 1.60294264e-10
 1.47707971e-10 1.49147139e-10 1.30338781e-10 1.08570888e-10
 9.60894836e-11 8.42960216e-11 7.39196412e-11 5.41421560e-11
 3.85901380e-11 2.77306112e-11 1.90012416e-11 1.17236897e-11
 6.70968186e-12 3.76355891e-12 1.89635330e-12 9.32394244e-13
 4.46090864e-13 1.79314083e-13 6.19929726e-14 2.02971185e-14
 5.88095865e-15 1.60493315e-15 7.67612174e-16 7.53038336e-16
 3.06408425e-16]",0.040198617,0.014910662615740741,1
7,8.wav,-493.143,82.83153,67.47471,47.14167,27.380001,12.501788,4.2717633,1.873725,2.9264176,4.868618,6.0176144,5.931998,5.1228886,0.0013592034811154008,0.09652518852195945,-0.09447955340147018,18.484524699469617,-1.1370288738321577e-10,8.198772314646441e-06,-0.33153367042541504,24.260108753645724,-0.32647062433575436,0.163719888792743,-0.053772778522251055,0.04219614436317623,-0.03517943708309553,0.04480871097868745,-0.048340279742383016,0.04615635178662281,-0.04183722883102333,0.033604282824288456,-0.025076581156007253,0.018198780915823765,-0.009621860464760714,0.002529112317730172,0.0018593657720905603,-0.0037412731069144177,0.004113160496912597,-0.005772238661745823,0.00899265281540064,-0.01098900170001307,0.010238702534592145,-0.0072796013796906,0.11977540198566998,0.08674796099610632,0.07481916501825049,0.07576158442600996,0.05104357491457939,0.026294319443265227,0.01679896085423495,0.016547740693770345,0.014852909578558384,0.010525090537708606,0.00920625404697493,0.008336279437485968,0.008428369805772188,0.008165894109536812,0.009289159320956784,0.012333767715807638,0.014177823531025832,0.01602342382823647,0.01656721209085607,0.015043522726684681,0.013492462360357338,0.011120956727136479,0.0009611534,0.0046590623,-0.09447573870420456,18.481854819962614,"[1.8410760e-01 7.0758694e-01 1.6161688e-01 3.6375038e-03 3.3570272e-03
 2.2315753e-03 6.3479756e-04 1.5265433e-04 2.7643518e-05 5.9092804e-06
 1.5934962e-06 5.2453453e-07 1.9989618e-07 1.6875254e-07 8.8913737e-08
 3.0651275e-08 2.7788046e-08 1.5120955e-08 8.4628526e-09 4.5382564e-09
 4.5840318e-09 2.8711400e-09 1.7762671e-09 1.1927858e-09 9.2972946e-10
 7.3360590e-10 5.9282840e-10 5.1941562e-10 4.5842541e-10 4.1971657e-10
 3.6239409e-10 3.2774408e-10 3.2067640e-10 2.7963623e-10 2.6139876e-10
 2.5145905e-10 2.4670271e-10 2.3997215e-10 2.2094362e-10 2.0829230e-10
 2.1385051e-10 2.0561669e-10 2.1111023e-10 2.0617941e-10 2.0516046e-10
 2.1169813e-10 2.0481646e-10 2.1367334e-10 2.0609203e-10 2.0954016e-10
 1.8982463e-10 1.9032162e-10 1.9744104e-10 1.8853544e-10 1.7490209e-10
 1.7280662e-10 1.7320502e-10 1.7026981e-10 1.8261830e-10 1.8739134e-10
 1.8766481e-10 1.9192151e-10 1.8318910e-10 1.8858869e-10 2.0214028e-10
 1.8607851e-10 1.6052909e-10 1.6574905e-10 1.7751685e-10 1.7728445e-10
 1.7652320e-10 1.7900206e-10 1.8007565e-10 1.7739563e-10 1.8593285e-10
 1.9503656e-10 1.8052543e-10 1.7941482e-10 1.8363006e-10 1.9428768e-10
 2.0108204e-10 1.9255363e-10 1.9571242e-10 1.9754530e-10 1.8514386e-10
 1.8141347e-10 1.8523202e-10 1.8250085e-10 1.7603330e-10 1.7840739e-10
 1.7297515e-10 1.7477297e-10 1.7796706e-10 1.7874004e-10 1.8292491e-10
 1.9750288e-10 1.8315353e-10 1.8333600e-10 1.8383924e-10 1.7824681e-10
 1.7918719e-10 1.8019544e-10 1.6766806e-10 1.6416873e-10 1.5054082e-10
 1.3487463e-10 1.2880326e-10 1.1011541e-10 9.3844411e-11 7.9247338e-11
 6.6860635e-11 5.0776060e-11 3.7070465e-11 2.5447556e-11 1.6521782e-11
 1.0622226e-11 6.5927572e-12 3.7992660e-12 2.0581189e-12 9.4508797e-13
 4.1181763e-13 1.6545307e-13 5.6890433e-14 1.8707424e-14 5.2635792e-15
 1.8619662e-15 7.6730793e-16 1.2621357e-15 2.8021292e-16]",0.04076262,0.0118408203125,1
8,9.wav,-489.08957,96.131874,75.56557,49.462837,25.198654,7.8792205,-0.7715182,-2.3558567,-0.20728944,2.6171157,4.379004,4.7694263,4.440209,0.0015600748592987657,0.09343050595199785,-0.05824405327439308,15.434002996634643,-6.89587442703754e-10,1.265336453827716e-05,-39.27507781982422,6250.757517319054,-0.3738772961920753,0.17538931642581748,-0.03693001888752533,0.01647771764038705,-0.014292048486109713,0.03863430736447668,-0.053797867966268474,0.05624832397373212,-0.051206837785175575,0.039382252128932024,-0.02748096865438413,0.018575289985268695,-0.00958060758621105,0.002543564442326951,0.0018787792313492127,-0.003989678824537182,0.0046952064734551,-0.006748229401371863,0.010399227273514822,-0.012725102115377732,0.011572611415155722,-0.00761467817939752,0.13909185797342577,0.09189371858912919,0.08551756834935081,0.09328062136756356,0.06649660307367787,0.03209974184683156,0.018690339156712865,0.021870270860475004,0.0204704889866047,0.013463526446318413,0.009307179833720761,0.008413052847266816,0.009552985548432164,0.009555961010196736,0.01061588760114947,0.014064494449628647,0.016549085389961388,0.018851848207863408,0.01935660893449462,0.017365874898539586,0.01508119877484769,0.012252463036266023,0.0011029885,0.0043650977,-0.05823429673910141,15.431743403045122,"[1.3849796e-01 6.5075976e-01 1.4581050e-01 7.8809429e-03 9.5450431e-03
 6.7499410e-03 1.9360390e-03 3.2789636e-04 5.9270686e-05 1.1683584e-05
 2.6450089e-06 7.8147332e-07 2.6471318e-07 2.1270731e-07 1.0179155e-07
 3.1066872e-08 2.5860253e-08 1.5339751e-08 9.2742329e-09 4.3906394e-09
 4.0424393e-09 2.6074516e-09 1.7281863e-09 1.1124391e-09 7.7990409e-10
 7.2726303e-10 5.4906613e-10 4.7304888e-10 4.1098994e-10 4.0137058e-10
 3.6769518e-10 3.4056458e-10 3.0112057e-10 2.6706171e-10 2.5794000e-10
 2.5781691e-10 2.2862122e-10 2.2176293e-10 2.2781438e-10 2.2781628e-10
 2.1425343e-10 2.2064574e-10 2.1274135e-10 2.1308212e-10 2.1581385e-10
 2.1159953e-10 2.0648279e-10 2.0902462e-10 2.1834816e-10 1.9702409e-10
 1.9706943e-10 2.0027444e-10 1.9021683e-10 1.8967684e-10 1.8291672e-10
 1.8225929e-10 1.8254405e-10 1.7730921e-10 1.7304877e-10 1.8253991e-10
 1.9523808e-10 1.9251713e-10 1.9978232e-10 2.0180473e-10 1.9674143e-10
 2.0250696e-10 1.8853227e-10 1.9160888e-10 1.8945169e-10 1.6775513e-10
 1.7270507e-10 1.7731777e-10 1.7814543e-10 1.7930189e-10 1.8367667e-10
 1.9321132e-10 1.9719379e-10 1.9818910e-10 1.9065875e-10 1.9361884e-10
 2.0148140e-10 2.0723605e-10 1.9717528e-10 1.9793868e-10 1.9844350e-10
 2.0322008e-10 2.0186226e-10 2.0452222e-10 2.0910659e-10 2.0581561e-10
 1.9077813e-10 1.9692448e-10 1.9128910e-10 1.7635308e-10 1.7973423e-10
 1.9829123e-10 2.0612434e-10 2.1616850e-10 1.8898869e-10 1.7521623e-10
 1.7118908e-10 1.9079092e-10 1.8096941e-10 1.7011227e-10 1.6028626e-10
 1.4818635e-10 1.3069916e-10 1.1444793e-10 1.0043331e-10 8.3399079e-11
 6.4795336e-11 5.4506684e-11 3.9731465e-11 2.7297655e-11 1.7736730e-11
 1.1158595e-11 6.8977536e-12 4.1302309e-12 2.0988582e-12 1.0158159e-12
 4.2337284e-13 1.6578821e-13 6.4435314e-14 2.1023534e-14 5.6553709e-15
 1.7122289e-15 8.3149857e-16 1.2624317e-15 3.1037587e-16]",0.041749455,0.015340169270833334,1
9,10.wav,-465.3647,54.882587,46.44468,34.98862,23.336475,13.805823,7.535925,4.3927774,3.3852901,3.303816,3.2527225,2.8747191,2.2585835,-0.0012946678325533867,0.15553805783244756,-0.001955548534169793,21.83638805366888,-3.6292355232170337e-10,9.284135634376378e-06,-4.194675922393799,597.0769760809802,-0.2129098669778752,0.09798254184861842,-0.028363062440430888,0.015527931388728718,-0.0035782888885389015,0.006871023321096583,-0.007259437931343208,0.00528215535584246,-0.0052970179889976435,0.004487514451302261,-0.003403957160343821,0.0030639506370434473,-0.0009574335664635548,-0.0007871458359192251,0.002825898569009652,-0.005036366317729022,0.006749697818458263,-0.008260345049484499,0.009277213181633359,-0.00931587919991913,0.008899074663590481,-0.00769634710083763,0.1740108586894902,0.12653216562167918,0.09085647895537448,0.07958131257274839,0.051314314617759635,0.031996165018312185,0.022361481268354428,0.017859490806234744,0.01727764357568353,0.014834020430822898,0.012364199418498478,0.011170733778265668,0.008406170860572416,0.006803636955156579,0.006867921093969564,0.010589274306692365,0.014348819008452212,0.018144094022304928,0.020430257821744076,0.020234919671152225,0.0185015563964886,0.014812406903309388,-0.0009156877,0.012097359,-0.001948973978869617,21.833281000514422,"[6.50568366e-01 1.80618012e+00 4.76784617e-01 2.85086669e-02
 6.20586704e-03 1.44658587e-03 3.89622815e-04 1.09919281e-04
 2.78562711e-05 6.88576802e-06 1.85755312e-06 6.51675862e-07
 2.91077470e-07 1.43520182e-07 7.98556172e-08 5.17431431e-08
 3.39680497e-08 2.59048942e-08 1.67198895e-08 1.38299106e-08
 1.00838466e-08 7.77714870e-09 6.72341072e-09 5.47916468e-09
 4.09862277e-09 3.18384785e-09 2.74732970e-09 2.29867125e-09
 1.89242733e-09 1.79549897e-09 1.62818703e-09 1.27118260e-09
 1.17765397e-09 1.00986586e-09 9.43416567e-10 8.29008695e-10
 7.45059514e-10 6.98573699e-10 6.15096474e-10 5.93668781e-10
 5.19231158e-10 4.67515304e-10 4.38695025e-10 4.45269738e-10
 4.24958152e-10 4.18597934e-10 4.17243573e-10 3.66609132e-10
 3.45890927e-10 3.33443190e-10 2.94487157e-10 2.95905855e-10
 2.85253376e-10 2.80804074e-10 2.80017454e-10 2.54481602e-10
 2.57987187e-10 2.62732863e-10 2.33752906e-10 2.17908760e-10
 2.19774060e-10 2.26452274e-10 2.30975544e-10 2.17434862e-10
 2.13225618e-10 2.27405594e-10 2.11767021e-10 1.96591729e-10
 2.08420378e-10 1.97826075e-10 1.98801878e-10 1.99492048e-10
 2.01523853e-10 2.02935932e-10 1.94853703e-10 1.93870198e-10
 1.90805496e-10 1.99548475e-10 1.98320887e-10 2.08816173e-10
 2.17110385e-10 2.08498399e-10 1.89568181e-10 1.91435132e-10
 1.86972965e-10 1.85894120e-10 1.88224825e-10 1.85314999e-10
 1.84096086e-10 1.80195608e-10 1.89806934e-10 1.80450238e-10
 1.90829214e-10 1.89178853e-10 1.89170568e-10 1.96063679e-10
 2.01165321e-10 2.13795884e-10 1.95395561e-10 1.79542159e-10
 1.66221856e-10 1.78809953e-10 1.73852974e-10 1.55802468e-10
 1.46036988e-10 1.47114876e-10 1.31089792e-10 1.15604006e-10
 1.00720210e-10 8.17956744e-11 6.67926686e-11 5.79932491e-11
 4.23927178e-11 3.05510790e-11 1.89699974e-11 1.05601161e-11
 6.18737483e-12 3.71486782e-12 1.91134044e-12 9.17669803e-13
 3.97654322e-13 1.62139982e-13 5.84386733e-14 2.22205406e-14
 7.11706305e-15 3.41607646e-15 2.05474756e-15 3.10159515e-15
 9.66195872e-16]",0.06047027,0.013206199363425927,1
10,11.wav,-446.08536,69.64291,56.8493,40.458614,25.196741,14.190486,8.172427,5.928785,5.459607,5.160407,4.431406,3.5029643,2.8103082,-0.0013163428520783782,0.16882574135784073,0.03338494151830673,13.797628182272014,-1.9942769657887993e-10,1.113974615999091e-05,19.430038452148438,2678.9475828673835,-0.29166281710424696,0.14032249594755672,-0.037266566782122354,0.01482724869122615,-0.0006854712123226289,0.010378187034472425,-0.013461770549574904,0.01113098311292071,-0.010989831388781424,0.0082353093614193,-0.005948868510140658,0.005433309561846726,-0.0025272823352631385,0.0005889371860401968,0.0018030711870193903,-0.005219109316564952,0.007594856511762324,-0.009807864269580387,0.011394152400504379,-0.011496643361074477,0.011150086227148215,-0.009656677625450309,0.1820897660809361,0.12185163382385693,0.10248883346788343,0.10636799300551295,0.07618744633781448,0.04946996413679956,0.03392951988389495,0.023248813971604908,0.021604604258912724,0.018808905289669563,0.015805861375451268,0.0147694211887814,0.01093219049382898,0.008650704648987427,0.008416404119738922,0.010919863530438985,0.01421172335491157,0.0176076646821469,0.019695178457935825,0.019605505984361678,0.01807181840124873,0.014796799416198183,-0.00093079434,0.014252615,0.03338252380490303,13.795524675878156,"[4.5485601e-01 1.9298528e+00 4.2929524e-01 4.4730049e-02 1.9158119e-02
 9.4981603e-03 3.1839684e-03 7.3002145e-04 1.6396916e-04 3.7866081e-05
 1.0193984e-05 2.8418128e-06 9.6129554e-07 3.4333476e-07 1.4265800e-07
 7.7531219e-08 4.6291373e-08 2.8159659e-08 1.8113059e-08 1.2666987e-08
 9.1495460e-09 6.8659247e-09 5.3335243e-09 4.5987814e-09 3.9898955e-09
 3.2564718e-09 2.5663180e-09 2.5398623e-09 2.1624338e-09 1.9498894e-09
 1.8308384e-09 1.6740810e-09 1.5320354e-09 1.3766851e-09 1.3193452e-09
 1.2184829e-09 1.1717850e-09 1.0893666e-09 8.9850843e-10 8.8640978e-10
 8.9562491e-10 7.9816387e-10 7.6329909e-10 7.1788070e-10 6.7034983e-10
 6.5115963e-10 6.1986477e-10 5.8559463e-10 5.6692034e-10 5.1063126e-10
 4.5737261e-10 4.2969359e-10 3.9243189e-10 3.9692860e-10 3.8395168e-10
 3.9151080e-10 3.5402825e-10 3.0420061e-10 3.3578798e-10 3.3060410e-10
 2.8988414e-10 2.8684596e-10 2.9452260e-10 2.9142791e-10 2.9843744e-10
 2.7657687e-10 2.5455588e-10 2.6088065e-10 2.5530153e-10 2.3428406e-10
 2.2123432e-10 2.2005429e-10 2.2347123e-10 2.2500185e-10 2.3001194e-10
 2.3342786e-10 2.4173033e-10 2.2768079e-10 2.2909191e-10 2.2995809e-10
 2.3635757e-10 2.3829033e-10 2.2940097e-10 2.2297421e-10 2.2467560e-10
 2.2510148e-10 2.1228126e-10 2.0538556e-10 2.1240097e-10 2.0884502e-10
 2.0981454e-10 2.1133618e-10 2.0207393e-10 2.0921542e-10 2.0474351e-10
 2.2195494e-10 2.2362037e-10 2.2757211e-10 2.0411790e-10 1.9421656e-10
 1.9497490e-10 1.8616506e-10 1.7739088e-10 1.7868339e-10 1.7693839e-10
 1.5599763e-10 1.4290585e-10 1.2927234e-10 1.0676549e-10 9.2994522e-11
 7.6808074e-11 6.2160749e-11 4.4188604e-11 3.3915225e-11 2.0853968e-11
 1.1930428e-11 7.4026080e-12 4.1059018e-12 2.1696572e-12 1.0687346e-12
 4.6408493e-13 1.9532700e-13 7.2045214e-14 2.2558630e-14 8.1159987e-15
 3.8129057e-15 2.4188877e-15 2.7371376e-15 8.6526332e-16]",0.076760516,0.015322084780092593,1
11,12.wav,-435.32278,83.881805,66.125084,43.059643,21.683363,6.503843,-0.946403,-2.4694288,-1.00314,0.7684055,1.6532743,1.7950953,1.8475362,-0.0012788008898496628,0.18312517410853965,0.038616620004177094,14.445942826704286,1.4024925221178819e-08,0.00010732653520053022,36.081233978271484,14567.38714890133,-0.3003657084913589,0.1342355745574517,-0.013476207256488279,-0.01014092415764439,0.017653212698136578,0.005885111609883424,-0.022916594201105686,0.02690079283183169,-0.026669161407351805,0.019726976620155198,-0.012213345193744023,0.00791727145618685,-0.003022433174329327,0.0005940570546411404,0.0012777853760536403,-0.003987072398984188,0.005756375671514276,-0.007629995280966292,0.009029855736920169,-0.009099353031207832,0.008907317827296002,-0.007944229916171627,0.1761914714191535,0.11536548934375035,0.11133938301705329,0.11965479125109098,0.09015617412998754,0.05620132637296938,0.03552401680959175,0.02514331013656356,0.023730146682937193,0.0192445115351275,0.014988040957663864,0.013688573046920028,0.011422808196404434,0.010286667459688422,0.010126598509080553,0.01169484868658554,0.014154634576376817,0.01675151628426897,0.01836856574009599,0.01829953267136911,0.017216778659394524,0.01468680872689048,-0.0008998271,0.016767446,0.038844406604766846,14.446501178421471,"[5.82002044e-01 2.21183395e+00 4.92458999e-01 5.88047132e-02
 5.46931997e-02 3.11953239e-02 8.19956791e-03 1.58005976e-03
 2.86188995e-04 5.69332406e-05 1.26642535e-05 3.25813403e-06
 1.02384377e-06 3.52288367e-07 1.53573367e-07 7.24713374e-08
 3.54261118e-08 2.33005402e-08 1.24952475e-08 8.16775358e-09
 6.11239281e-09 4.06512601e-09 3.27898775e-09 2.50776577e-09
 1.86697435e-09 1.55512547e-09 1.21738297e-09 1.13803877e-09
 8.88253027e-10 7.49207252e-10 6.41982523e-10 5.98261995e-10
 5.35243572e-10 4.49562276e-10 4.32835406e-10 3.94966643e-10
 3.76368769e-10 3.46211365e-10 3.24852922e-10 3.09519521e-10
 2.96143693e-10 2.84001850e-10 2.77801115e-10 2.88059437e-10
 2.72723566e-10 2.80936441e-10 2.83479351e-10 2.87489088e-10
 2.57554283e-10 2.56607985e-10 2.41755699e-10 2.33436576e-10
 2.20730129e-10 2.24275445e-10 2.28552233e-10 2.10428647e-10
 2.15194682e-10 2.09552847e-10 1.96923616e-10 2.03407929e-10
 2.04905412e-10 2.16589094e-10 2.15171631e-10 2.31012778e-10
 2.23327967e-10 2.16761914e-10 1.97891356e-10 1.98589256e-10
 1.98544112e-10 2.12386830e-10 2.07573070e-10 2.15471418e-10
 2.11778067e-10 1.99552375e-10 2.02187628e-10 2.10860121e-10
 2.07049614e-10 2.04889272e-10 2.03035672e-10 2.11295148e-10
 2.17300150e-10 2.23307303e-10 2.17307700e-10 2.09193315e-10
 1.98014577e-10 2.01839989e-10 2.15210363e-10 2.02939471e-10
 1.95401945e-10 1.93355956e-10 1.99587707e-10 2.05931522e-10
 1.99273542e-10 2.01003533e-10 2.12203963e-10 2.33563335e-10
 2.27259309e-10 2.26720240e-10 2.07648662e-10 2.02610415e-10
 2.07036652e-10 1.98320513e-10 1.82771867e-10 1.77811640e-10
 1.70444298e-10 1.49303292e-10 1.41364032e-10 1.32357555e-10
 1.08009719e-10 9.06167641e-11 7.42948689e-11 6.50117668e-11
 4.42596619e-11 3.26556698e-11 1.99277643e-11 1.23840192e-11
 7.31557002e-12 4.06258057e-12 2.08233474e-12 1.01231577e-12
 4.58643594e-13 1.76783813e-13 7.06928548e-14 2.45235859e-14
 8.58642550e-15 3.92084055e-15 2.51242339e-15 4.81421382e-15
 1.55802351e-15]",0.08983415,0.018052842881944444,1
12,13.wav,-499.64505,62.77168,56.217937,47.286846,37.843613,29.163681,21.779863,15.889971,11.395648,8.095873,5.647668,3.712582,2.1270452,-0.0012963158078491688,0.1147452394120536,0.09124083071947098,20.047934183899237,5.9676703578759316e-09,0.0002199430739378368,0.003916858695447445,0.39027935723781004,-0.17996443292958592,0.14892861952810596,-0.06789626173281141,0.057972939107548076,-0.02934694807065989,-0.001616947586467838,-0.003090354607683848,-0.004387388722288514,0.011789436896113396,-0.006332046078072716,0.005672794079479105,-0.00970676132501194,0.004737614646498956,-0.005683788503800398,0.0076907271330248685,-0.006338328982842592,0.00633904815759365,-0.00876763124508533,0.006546035523932918,-0.006743653929109827,0.006854495930540565,-0.005309637600805783,0.17879414310411254,0.11839249511840101,0.07629778562126786,0.04750564546608218,0.0282063124523628,0.021551000157016945,0.018181688251453863,0.017088491057445438,0.016493855779708046,0.015675700511868878,0.014255509034033036,0.012694130903314029,0.010819062009854422,0.009068282468485527,0.008235742781364432,0.009098534993082826,0.011087817738559583,0.01230075619964292,0.013566764090729148,0.013567009864376683,0.012383979214969577,0.010701440827219251,-0.0009167277,0.0065839756,0.09123831987380981,20.04491755176883,"[2.15750158e-01 9.69815910e-01 3.26979280e-01 2.77534369e-02
 2.11274833e-03 1.47923667e-04 2.56040585e-05 4.98916552e-06
 1.97528698e-06 9.86729674e-07 4.92994275e-07 3.82756497e-07
 2.96607567e-07 2.82611694e-07 2.53770111e-07 2.23114242e-07
 2.16919261e-07 1.88798495e-07 1.68999676e-07 1.51091996e-07
 1.42538383e-07 1.26451326e-07 1.14167243e-07 9.37232087e-08
 7.67604718e-08 6.59472832e-08 5.10369524e-08 4.08572234e-08
 3.22324958e-08 2.42595153e-08 1.61947913e-08 1.06011626e-08
 5.98377703e-09 2.46731524e-09 1.17572219e-09 2.37050113e-09
 5.38521272e-09 9.45724210e-09 1.45346393e-08 1.86369089e-08
 2.34998971e-08 2.89699589e-08 3.60163313e-08 4.36202825e-08
 4.65032493e-08 5.21095629e-08 6.36682387e-08 7.07801036e-08
 6.86319268e-08 7.90251633e-08 8.58226983e-08 8.94806220e-08
 9.15013700e-08 9.81436088e-08 1.05514296e-07 1.03657072e-07
 1.06923927e-07 1.21768210e-07 1.27188116e-07 1.31224454e-07
 1.24364675e-07 1.20753754e-07 1.35225108e-07 1.40484616e-07
 1.44225197e-07 1.41455786e-07 1.46871145e-07 1.54052316e-07
 1.49714367e-07 1.44975061e-07 1.47766528e-07 1.48199803e-07
 1.50822444e-07 1.46084432e-07 1.48906935e-07 1.56419404e-07
 1.59770892e-07 1.60934135e-07 1.60837985e-07 1.55373229e-07
 1.61798340e-07 1.55131943e-07 1.50426501e-07 1.52611761e-07
 1.56591938e-07 1.56591199e-07 1.52551749e-07 1.46683632e-07
 1.45344529e-07 1.45103684e-07 1.34397752e-07 1.33358640e-07
 1.35756480e-07 1.36894073e-07 1.38609551e-07 1.41392619e-07
 1.42690439e-07 1.39562118e-07 1.39147218e-07 1.37313521e-07
 1.33122583e-07 1.22421298e-07 1.25462819e-07 1.15986857e-07
 1.07224501e-07 9.54595265e-08 8.49418456e-08 7.19967588e-08
 5.87419819e-08 4.87071290e-08 3.96023268e-08 2.98301366e-08
 2.01290398e-08 1.45794141e-08 1.00559134e-08 6.15243456e-09
 3.63932107e-09 1.81349347e-09 9.49318402e-10 4.17395674e-10
 1.92919292e-10 6.94156330e-11 2.27830341e-11 6.97420247e-12
 1.71162650e-12 3.60852732e-13 5.92369510e-14 9.00757791e-15
 1.36296887e-15]",0.051021717,0.027122214988425927,1
13,14.wav,-478.02737,29.280779,26.846983,23.481668,19.91957,16.491669,13.533088,11.1045885,9.29407,7.910257,6.848089,5.9321856,5.156745,-0.00020713330013677478,0.17925632860443397,0.006212701555341482,12.03097565646302,9.728628569405373e-09,7.095813859798749e-05,20.835590362548828,13458.541598600668,-0.20105399066045723,0.07623300750953858,-0.0331679910386792,0.02039155565821456,-0.016096576954661435,0.013146483328323718,-0.00907231864800437,0.00528262014759242,-0.006625988831283547,0.0064977186339436,-0.00682126694076601,0.007856830726131237,-0.006649006356158298,0.0040493778632501734,-0.0005979245139966748,-0.003788717888741088,0.006926054244107266,-0.009274910230656576,0.010101252915032713,-0.010287719995917878,0.009728686455675088,-0.007985457965649706,0.21233893716905772,0.07656047214266734,0.05259522425617575,0.03933339740038551,0.025605467707743565,0.022266313337528133,0.017881284743339255,0.01594005837915016,0.01114455135800676,0.008442030531322193,0.010171071577707325,0.015071528335352361,0.015820142123003585,0.013128901325186263,0.009927237832213977,0.008105439415702971,0.009658817232027668,0.013326197263713797,0.015280987273191656,0.016316211458727532,0.015783137719865222,0.012574684749716581,-0.00014328434,0.016067268,0.006260676775127649,12.030501853607417,"[6.51926160e-01 2.42154598e+00 5.24709761e-01 8.86766706e-03
 9.42038372e-04 8.20727364e-05 1.21630064e-05 5.14076146e-06
 1.72495197e-06 7.83731593e-07 3.11546358e-07 1.54311081e-07
 8.68969039e-08 4.08281906e-08 2.76176415e-08 1.12288197e-08
 8.14386691e-09 5.41878586e-09 2.99440073e-09 2.25821073e-09
 1.58204672e-09 1.13962118e-09 9.25911459e-10 7.18648252e-10
 5.89188254e-10 4.85434193e-10 4.31685687e-10 3.55587809e-10
 3.10768716e-10 2.73143175e-10 2.52926374e-10 2.63249395e-10
 2.75155343e-10 1.81775289e-10 2.08244283e-10 1.74596185e-10
 1.72999573e-10 1.63929231e-10 1.64277814e-10 1.53304425e-10
 1.54794233e-10 1.58998481e-10 1.56977237e-10 1.55404509e-10
 1.39631029e-10 1.40607775e-10 1.48765583e-10 1.56667970e-10
 1.60994051e-10 1.54074933e-10 1.42875475e-10 1.33013212e-10
 1.28814667e-10 1.25594937e-10 1.26472902e-10 1.36775993e-10
 1.32420158e-10 1.21690505e-10 1.25972635e-10 1.24610600e-10
 1.26747571e-10 1.31231720e-10 1.26869265e-10 1.42032205e-10
 1.32368921e-10 1.27754363e-10 1.17306317e-10 1.16116533e-10
 1.32360928e-10 1.27332200e-10 1.25637264e-10 1.28380792e-10
 1.17191312e-10 1.14335548e-10 1.21544219e-10 1.23246691e-10
 1.27844305e-10 1.25499597e-10 1.25904787e-10 1.31842953e-10
 1.31451933e-10 1.26133007e-10 1.21219076e-10 1.22048510e-10
 1.20960825e-10 1.14455105e-10 1.17516427e-10 1.12583588e-10
 1.11111481e-10 1.22656732e-10 1.14817635e-10 1.07774269e-10
 1.11459446e-10 1.15334763e-10 1.11850772e-10 1.29452629e-10
 1.42568554e-10 1.50629273e-10 1.16495508e-10 1.13075584e-10
 1.14928435e-10 1.16857565e-10 1.07233090e-10 9.68158123e-11
 9.49864076e-11 9.13249684e-11 8.08541706e-11 6.86408846e-11
 5.78016836e-11 5.09035279e-11 4.20791180e-11 4.29871902e-11
 2.94047113e-11 1.84661609e-11 1.09479370e-11 6.76142822e-12
 4.13997482e-12 2.32781025e-12 1.22560729e-12 5.33652929e-13
 2.45200480e-13 1.06703525e-13 4.14041394e-14 1.39831994e-14
 4.82418721e-15 2.79798466e-15 2.19204525e-15 4.61912647e-15
 1.79803982e-15]",0.06803314,0.03212257667824074,0
14,15.wav,-471.603,56.741844,50.225605,40.862858,30.42986,20.6479,12.753518,7.271748,4.0406823,2.4399962,1.709108,1.2268796,0.6627886,-0.0012976842699572444,0.1456264443047456,0.018352191895246506,24.893136152684217,-4.466688685589304e-10,9.903625680459811e-06,-0.031807269901037216,1.5983552384133732,-0.2365983336316623,0.1320271619448727,-0.05001609075726414,0.02163018316059133,0.004487979454853756,-0.010387510449239159,0.01440612638980148,-0.014429670263502498,0.012455842391787155,-0.009620422565026963,0.007531803346813295,-0.003762438522336294,0.003006840661223124,-0.001983623590885502,0.0024167533486913278,-0.0032664709935070245,0.0040263753498697335,-0.004507022139503027,0.004982264243779221,-0.004774211872090607,0.004707246519360001,-0.004113636614594787,0.20718240475343133,0.13644051973291232,0.07169200137799736,0.04680890325001698,0.03255925577489242,0.032062677677023546,0.029086213339329117,0.026421130279072908,0.022569008519555647,0.019877726218985602,0.016444722499213704,0.01339667234867942,0.010405356842696643,0.008460255961256732,0.007940227623817731,0.009886857081194226,0.011834657804467191,0.014158651969096287,0.015549650057828575,0.015302434894508382,0.013988064816577678,0.011387588487711816,-0.00091776624,0.010604682,0.01835758239030838,24.889652076383218,"[1.0175586e-01 1.4710921e+00 5.1369399e-01 1.0707613e-01 1.0389205e-02
 1.0532885e-03 1.5829511e-04 2.9064649e-05 5.9970762e-06 1.4727733e-06
 4.5791512e-07 1.7812177e-07 8.7176922e-08 4.9242658e-08 3.0559924e-08
 1.9348942e-08 1.3398192e-08 9.8426742e-09 6.3814216e-09 4.7333115e-09
 3.6824048e-09 2.9914473e-09 2.3060494e-09 2.0469968e-09 1.5889227e-09
 1.3860373e-09 1.2673235e-09 1.0987916e-09 1.1021107e-09 9.4492070e-10
 8.7535301e-10 8.8649416e-10 8.0676854e-10 7.4149736e-10 7.1090434e-10
 7.2190692e-10 7.0515760e-10 6.9376521e-10 6.4822925e-10 5.9099409e-10
 5.5521709e-10 5.5774652e-10 6.0642036e-10 5.7059968e-10 5.7036409e-10
 5.5247529e-10 5.5990551e-10 5.7976879e-10 5.4450527e-10 5.2734761e-10
 5.0314181e-10 4.6314769e-10 4.1314444e-10 4.2177464e-10 4.1426929e-10
 4.1061538e-10 4.1327672e-10 4.0082915e-10 3.9052953e-10 3.6963010e-10
 3.6938355e-10 3.4561132e-10 3.2541933e-10 3.4089367e-10 3.1624320e-10
 3.2347647e-10 3.0648833e-10 3.1492156e-10 3.0681307e-10 2.8860778e-10
 2.8283986e-10 2.8543010e-10 2.8936575e-10 2.6422245e-10 2.4855210e-10
 2.5593588e-10 2.4398333e-10 2.3888050e-10 2.4631677e-10 2.5027405e-10
 2.4614077e-10 2.3746019e-10 2.4860078e-10 2.4760849e-10 2.2926648e-10
 2.1778114e-10 2.2940358e-10 2.3162326e-10 2.2238937e-10 2.3670457e-10
 2.4892391e-10 2.4128397e-10 2.2822781e-10 2.3092576e-10 2.5566047e-10
 2.7914074e-10 2.7145811e-10 2.7919078e-10 2.5070571e-10 2.5108735e-10
 2.5662514e-10 2.5230473e-10 2.4991051e-10 2.4908844e-10 2.2994698e-10
 2.0553798e-10 2.0386155e-10 1.9609642e-10 1.7602299e-10 1.4917707e-10
 1.2525349e-10 9.8080322e-11 7.0124233e-11 5.2862329e-11 3.2872000e-11
 2.0947180e-11 1.2682390e-11 7.5404379e-12 4.0733614e-12 2.0011573e-12
 9.1046073e-13 3.6775514e-13 1.3483850e-13 4.5887376e-14 1.3501675e-14
 4.1047255e-15 2.1823548e-15 2.9721255e-15 4.6122987e-16]",0.057073537,0.009575737847222222,1
15,16.wav,-465.18365,45.937607,39.191185,29.63224,19.26566,10.038863,3.3436813,-0.26512924,-1.0690646,0.059811592,2.0333943,3.9076858,5.1138844,-0.0013005012879148126,0.1422634970587163,-0.009110622107982635,31.952145786314432,5.078501638319799e-13,9.690795563830512e-06,-0.031177666038274765,1.4652203729647972,-0.18717073260621048,0.08800670894626657,-0.017732596389039262,0.0062628112303529755,-0.005021517533425593,0.015607421049736262,-0.019090247379618612,0.018017825665517174,-0.013115683655117427,0.008981891520376943,-0.004871219806955216,0.0038327969497466163,-0.0012066399967851028,-0.0002736708467632691,0.0025801446984009386,-0.004988749198140228,0.007458994702424627,-0.009416819959272637,0.01103698828578743,-0.011136339437003108,0.010603727345385354,-0.008743474681783206,0.1541766655605441,0.12098085625929951,0.08724804747564409,0.07315739762240682,0.03816967730510987,0.021132169128805424,0.016568297109424503,0.013613828219084677,0.012455718068045024,0.010645854189120276,0.009621111475637214,0.009348637060738574,0.006031487131747324,0.0038057239269924815,0.005149381671712835,0.010274875268229478,0.01421469629558174,0.017944600960599376,0.020015391322026937,0.019663807149236295,0.017752794669574974,0.01409402322241838,-0.00091970136,0.010120552,-0.009106586687266827,31.94778055726472,"[2.9326653e-01 1.5216238e+00 3.3637995e-01 2.5828270e-02 2.9948952e-03
 2.9575112e-04 9.1814138e-05 2.5387661e-05 6.1863502e-06 1.5187111e-06
 5.1467748e-07 1.9067160e-07 9.0390017e-08 5.1567454e-08 3.0305941e-08
 1.9532697e-08 1.4174562e-08 1.0408162e-08 6.7001040e-09 5.6275962e-09
 3.9950132e-09 2.8832405e-09 2.3982316e-09 1.8926407e-09 1.6083823e-09
 1.3431959e-09 1.1898854e-09 1.1442232e-09 8.9217056e-10 8.3574253e-10
 8.2551110e-10 7.8942708e-10 7.0672618e-10 6.8650929e-10 6.7440037e-10
 6.5004652e-10 6.2072619e-10 5.9016253e-10 5.7443600e-10 5.8815303e-10
 5.4591981e-10 5.5109334e-10 5.4524651e-10 5.1315807e-10 5.0952964e-10
 4.8822235e-10 5.1627075e-10 5.0027910e-10 5.0995724e-10 4.6366036e-10
 4.3558832e-10 4.2624629e-10 3.9948117e-10 4.2527609e-10 4.1027426e-10
 3.7931297e-10 3.8310244e-10 3.7887243e-10 3.6931783e-10 3.5658154e-10
 3.3089698e-10 3.1509417e-10 3.0483860e-10 3.1302491e-10 3.0534086e-10
 3.0428970e-10 2.8867631e-10 2.8618430e-10 2.9388150e-10 2.8795957e-10
 2.6550059e-10 2.6198632e-10 2.5385311e-10 2.3119805e-10 2.4610500e-10
 2.4027735e-10 2.3672272e-10 2.4217092e-10 2.4090532e-10 2.4340660e-10
 2.5698180e-10 2.5722496e-10 2.3950275e-10 2.3447810e-10 2.3699179e-10
 2.4178004e-10 2.3403024e-10 2.2744225e-10 2.2513003e-10 2.4104363e-10
 2.3829805e-10 2.3335767e-10 2.4039071e-10 2.2830149e-10 2.4006003e-10
 2.6011546e-10 2.5431449e-10 2.7697530e-10 2.5828473e-10 2.3297109e-10
 2.5236152e-10 2.4806524e-10 2.4851834e-10 2.5020180e-10 2.4353472e-10
 2.1818895e-10 2.0446925e-10 1.9062241e-10 1.6360270e-10 1.3384176e-10
 1.1100432e-10 8.9264152e-11 6.4314679e-11 4.7862259e-11 3.1561097e-11
 2.1170512e-11 1.2845479e-11 7.2979765e-12 4.1264618e-12 2.1232263e-12
 9.0189293e-13 3.5888808e-13 1.2851314e-13 4.0905054e-14 1.2783549e-14
 3.6864831e-15 1.6103953e-15 2.9576656e-15 6.6941951e-16]",0.04700896,0.016814055266203703,1
16,17.wav,-437.15393,95.96102,75.92299,49.235043,23.083183,3.2151988,-7.8131385,-10.820416,-8.79907,-5.1428723,-2.224182,-0.8670357,-0.6902919,-0.001227057073265314,0.14904113265259958,-0.021248294040560722,24.736765216646877,-4.089154848063714e-10,1.0525703565106284e-05,-1.183841347694397,89.8369515442587,-0.3179706938171137,0.1341768406648872,-0.00025800557870188704,-0.03340377356934772,0.03549388914910738,-0.011142301071235448,-0.002724981432735653,0.005828286679525901,-0.0037445159334798294,0.0005479580813366755,0.0018759330557475994,-0.001119665901827186,0.001437426276461769,-0.0006967331540252169,0.0008837202376135021,-0.00169126899803381,0.0027591017409857575,-0.003976575369579189,0.005095685491210727,-0.005352873842552341,0.005394913248117693,-0.0046277659334303944,0.15181593192668155,0.13208277890013803,0.10656031547295039,0.08212183790514409,0.038315350720454396,0.03148336219616909,0.038445483614349324,0.039396768823997036,0.0319294285627586,0.025047140473743613,0.01872558808336998,0.014138766629857937,0.011150713395559706,0.009666885778992048,0.00946742163009249,0.011116262334012582,0.012654679011235589,0.014517386496615195,0.015597131714303838,0.015179876220216736,0.013901089674115331,0.011471070650576507,-0.00086785184,0.011107837,-0.021238427609205246,24.73330912798647,"[3.74477893e-01 1.51166129e+00 5.77987075e-01 1.26685083e-01
 1.50081655e-02 3.71178053e-03 1.47617434e-03 4.42616962e-04
 1.05696243e-04 2.11929964e-05 5.34615720e-06 1.44764226e-06
 4.55392239e-07 1.75819281e-07 8.71004602e-08 4.38123209e-08
 2.67670188e-08 1.74443482e-08 1.14644543e-08 8.21502866e-09
 6.15682705e-09 4.67249617e-09 3.74250853e-09 2.87286239e-09
 2.32108421e-09 1.83489535e-09 1.71696246e-09 1.41165857e-09
 1.33641942e-09 1.15683008e-09 1.04585673e-09 9.67575797e-10
 9.25067745e-10 8.10291612e-10 8.04482370e-10 7.80259191e-10
 7.61714025e-10 7.38370753e-10 7.06802172e-10 6.68481048e-10
 6.69597877e-10 6.19066021e-10 6.23465612e-10 5.78070425e-10
 6.21439011e-10 6.07433270e-10 5.77105363e-10 5.74683134e-10
 5.27650257e-10 5.62607683e-10 5.23635524e-10 4.82187179e-10
 4.94216001e-10 4.79352058e-10 4.63089594e-10 4.47828552e-10
 4.17532620e-10 4.14473816e-10 3.98761191e-10 3.95808525e-10
 3.76454368e-10 3.64482750e-10 3.80778103e-10 3.70460690e-10
 3.54310720e-10 3.50807938e-10 3.22765842e-10 3.01913244e-10
 2.95028085e-10 2.94008734e-10 2.92580321e-10 2.84424706e-10
 2.75141354e-10 2.84906182e-10 2.78430862e-10 2.53371185e-10
 2.49697124e-10 2.56680927e-10 2.59454985e-10 2.55215404e-10
 2.65029443e-10 2.65841071e-10 2.62987271e-10 2.49539500e-10
 2.46124621e-10 2.44986337e-10 2.41390741e-10 2.40491960e-10
 2.50315546e-10 2.54858717e-10 2.72289857e-10 2.70462014e-10
 2.68127048e-10 2.75282547e-10 2.60733879e-10 2.64547495e-10
 2.68000594e-10 2.99601788e-10 2.76844825e-10 2.75343415e-10
 2.82669027e-10 2.87089907e-10 2.63295996e-10 2.54137433e-10
 2.48825016e-10 2.28494140e-10 2.19499044e-10 2.01950193e-10
 1.79698506e-10 1.54800922e-10 1.20646243e-10 9.49822859e-11
 7.28526822e-11 5.19130398e-11 3.58632499e-11 2.34275360e-11
 1.47960550e-11 8.28349542e-12 4.26241637e-12 2.14233210e-12
 1.00988890e-12 4.15496928e-13 1.43450830e-13 4.57270533e-14
 1.46470479e-14 4.02035845e-15 2.73495440e-15 2.42914163e-15
 5.33498302e-16]",0.06256934,0.04848904079861111,1
17,18.wav,-478.02737,29.280779,26.846983,23.481668,19.91957,16.491669,13.533088,11.1045885,9.29407,7.910257,6.848089,5.9321856,5.156745,-0.00020713330013677478,0.17925632860443397,0.006212701555341482,12.03097565646302,9.728628569405373e-09,7.095813859798749e-05,20.835590362548828,13458.541598600668,-0.20105399066045723,0.07623300750953858,-0.0331679910386792,0.02039155565821456,-0.016096576954661435,0.013146483328323718,-0.00907231864800437,0.00528262014759242,-0.006625988831283547,0.0064977186339436,-0.00682126694076601,0.007856830726131237,-0.006649006356158298,0.0040493778632501734,-0.0005979245139966748,-0.003788717888741088,0.006926054244107266,-0.009274910230656576,0.010101252915032713,-0.010287719995917878,0.009728686455675088,-0.007985457965649706,0.21233893716905772,0.07656047214266734,0.05259522425617575,0.03933339740038551,0.025605467707743565,0.022266313337528133,0.017881284743339255,0.01594005837915016,0.01114455135800676,0.008442030531322193,0.010171071577707325,0.015071528335352361,0.015820142123003585,0.013128901325186263,0.009927237832213977,0.008105439415702971,0.009658817232027668,0.013326197263713797,0.015280987273191656,0.016316211458727532,0.015783137719865222,0.012574684749716581,-0.00014328434,0.016067268,0.006260676775127649,12.030501853607417,"[6.51926160e-01 2.42154598e+00 5.24709761e-01 8.86766706e-03
 9.42038372e-04 8.20727364e-05 1.21630064e-05 5.14076146e-06
 1.72495197e-06 7.83731593e-07 3.11546358e-07 1.54311081e-07
 8.68969039e-08 4.08281906e-08 2.76176415e-08 1.12288197e-08
 8.14386691e-09 5.41878586e-09 2.99440073e-09 2.25821073e-09
 1.58204672e-09 1.13962118e-09 9.25911459e-10 7.18648252e-10
 5.89188254e-10 4.85434193e-10 4.31685687e-10 3.55587809e-10
 3.10768716e-10 2.73143175e-10 2.52926374e-10 2.63249395e-10
 2.75155343e-10 1.81775289e-10 2.08244283e-10 1.74596185e-10
 1.72999573e-10 1.63929231e-10 1.64277814e-10 1.53304425e-10
 1.54794233e-10 1.58998481e-10 1.56977237e-10 1.55404509e-10
 1.39631029e-10 1.40607775e-10 1.48765583e-10 1.56667970e-10
 1.60994051e-10 1.54074933e-10 1.42875475e-10 1.33013212e-10
 1.28814667e-10 1.25594937e-10 1.26472902e-10 1.36775993e-10
 1.32420158e-10 1.21690505e-10 1.25972635e-10 1.24610600e-10
 1.26747571e-10 1.31231720e-10 1.26869265e-10 1.42032205e-10
 1.32368921e-10 1.27754363e-10 1.17306317e-10 1.16116533e-10
 1.32360928e-10 1.27332200e-10 1.25637264e-10 1.28380792e-10
 1.17191312e-10 1.14335548e-10 1.21544219e-10 1.23246691e-10
 1.27844305e-10 1.25499597e-10 1.25904787e-10 1.31842953e-10
 1.31451933e-10 1.26133007e-10 1.21219076e-10 1.22048510e-10
 1.20960825e-10 1.14455105e-10 1.17516427e-10 1.12583588e-10
 1.11111481e-10 1.22656732e-10 1.14817635e-10 1.07774269e-10
 1.11459446e-10 1.15334763e-10 1.11850772e-10 1.29452629e-10
 1.42568554e-10 1.50629273e-10 1.16495508e-10 1.13075584e-10
 1.14928435e-10 1.16857565e-10 1.07233090e-10 9.68158123e-11
 9.49864076e-11 9.13249684e-11 8.08541706e-11 6.86408846e-11
 5.78016836e-11 5.09035279e-11 4.20791180e-11 4.29871902e-11
 2.94047113e-11 1.84661609e-11 1.09479370e-11 6.76142822e-12
 4.13997482e-12 2.32781025e-12 1.22560729e-12 5.33652929e-13
 2.45200480e-13 1.06703525e-13 4.14041394e-14 1.39831994e-14
 4.82418721e-15 2.79798466e-15 2.19204525e-15 4.61912647e-15
 1.79803982e-15]",0.06803314,0.03212257667824074,0
18,19.wav,-478.039,58.35169,52.082485,43.656025,34.42531,25.162605,17.159735,10.977803,6.8825397,4.5166283,3.486737,3.0756328,2.9316998,-0.001029354752972722,0.18064860418628917,-0.061506494879722595,12.225679906716255,-1.0751484147419887e-08,7.711915192815284e-05,-5.661153316497803,11765.127952983155,-0.24656032955920681,0.13808701683260552,-0.07132088323062583,0.051712092374386766,-0.026055038595967847,0.020388078625008438,-0.013346319142948529,0.008335369999373794,-0.009624609057505703,0.008900450132814913,-0.007576852975457826,0.007604768022047054,-0.004391126906577595,0.0010660945616094266,0.002810265449897411,-0.007492593645912696,0.010826527672198012,-0.013313485680548933,0.015144562229380284,-0.015229785022985401,0.014440181887339126,-0.012500952347706562,0.18122573018838656,0.139183659638399,0.08993910376458525,0.07277860580956792,0.03867036347857511,0.02603066217061589,0.01998303315993902,0.014488482473033183,0.01550749238928016,0.01455281685507709,0.012823008350634664,0.01166919806083951,0.007604467719125149,0.005543937253226067,0.006517175264337344,0.011901104900706208,0.01683421712849807,0.021846062098056784,0.024862311870949193,0.024808242158286788,0.022851718099526342,0.018285598732881932,-0.0007315919,0.01631757,-0.061599355190992355,12.22548769367618,"[6.21315062e-01 2.40963173e+00 5.70685327e-01 3.60034071e-02
 4.36582603e-03 1.98852169e-04 2.25403692e-05 4.99622820e-06
 1.76371702e-06 7.66935841e-07 4.38724499e-07 2.39710658e-07
 1.44187538e-07 8.83352982e-08 6.16927238e-08 3.99022895e-08
 2.69260578e-08 2.09668247e-08 1.48123434e-08 1.09244658e-08
 9.24352861e-09 7.44937756e-09 6.40268549e-09 5.35404387e-09
 4.65436489e-09 4.45303217e-09 4.25732294e-09 3.65061292e-09
 3.29094840e-09 3.04579850e-09 2.86243651e-09 2.50482035e-09
 2.29431873e-09 2.14126605e-09 1.87512073e-09 1.67579461e-09
 1.54122182e-09 1.38735567e-09 1.26502198e-09 1.05732856e-09
 8.98545405e-10 8.68954519e-10 8.61951566e-10 8.24780300e-10
 7.83546061e-10 6.25835550e-10 6.13060491e-10 6.26019681e-10
 5.38803779e-10 5.02306530e-10 4.53886012e-10 4.51987642e-10
 4.52333532e-10 4.18978907e-10 3.95485866e-10 3.70282000e-10
 3.28500310e-10 3.19060611e-10 3.05473757e-10 3.18608057e-10
 3.24985261e-10 3.00452802e-10 2.76906609e-10 2.79227391e-10
 2.70274386e-10 2.78267909e-10 2.50582749e-10 2.43320836e-10
 2.40304665e-10 2.29028393e-10 2.26697175e-10 2.17053847e-10
 2.26768257e-10 2.39262499e-10 2.19118793e-10 2.24531255e-10
 2.19986432e-10 2.20586868e-10 2.29668395e-10 2.20582441e-10
 2.17562843e-10 2.21353130e-10 2.23806321e-10 2.16742110e-10
 2.17657281e-10 2.12662429e-10 2.06591633e-10 1.99808600e-10
 1.97737438e-10 2.06355766e-10 2.06650239e-10 2.02788120e-10
 1.93430869e-10 1.93844135e-10 1.98087713e-10 2.15868143e-10
 2.21953442e-10 2.25443955e-10 1.97097852e-10 2.05823761e-10
 1.99583822e-10 1.96416133e-10 1.88573462e-10 1.74463916e-10
 1.48659293e-10 1.43116102e-10 1.48853624e-10 1.27323291e-10
 1.01659507e-10 8.24883772e-11 6.95261348e-11 5.74415307e-11
 4.41445908e-11 3.32627051e-11 1.93539924e-11 1.14179334e-11
 6.82825107e-12 3.97190744e-12 1.90886543e-12 9.50954268e-13
 4.55158914e-13 1.81817248e-13 6.73562361e-14 2.28694390e-14
 7.75763510e-15 3.66854416e-15 2.84952217e-15 5.41620395e-15
 1.31892792e-15]",0.08042762,0.013974790219907407,0
19,20.wav,-473.92462,36.974308,34.09787,29.827343,24.80807,19.710766,15.090155,11.2938175,8.438847,6.4499593,5.1350822,4.268138,3.6538632,-5.663840056513436e-06,0.1742495932308018,-0.027827851474285126,12.775936699724214,-1.7949434993891344e-10,9.594999785746374e-06,-0.014403551816940308,0.13020024971724498,-0.19740943731906208,0.11883438586098652,-0.059062616683187845,0.04627261623917397,-0.02849108562176512,0.023202367164586218,-0.01657920440849397,0.011373637622972832,-0.011510337175175864,0.009917940530501667,-0.00717414159989832,0.006166221313782015,-0.0030854157744642204,0.00010855728816483882,0.0032889522600328,-0.007299509894581861,0.010290820858901763,-0.012480351552889216,0.013849232630871374,-0.013512477361245667,0.012505589506610702,-0.010524119462317927,0.1878743329842396,0.13486095433660442,0.08910164845690706,0.0732542532957967,0.03980592164317006,0.028565888102217073,0.022434117847546616,0.015665238014519703,0.01540066207160726,0.013290583827261143,0.010952764393862354,0.009839304501239602,0.006220748226971573,0.005022322651606024,0.0061166776664307605,0.011123804462609953,0.01514357628951356,0.019366933493618243,0.022272396298280348,0.02229126122217939,0.020840420669450316,0.017097921313537583,-4.002871e-06,0.0151831135,-0.027826251462101936,12.773942895219703,"[5.8466601e-01 2.2918959e+00 5.1654083e-01 2.1076607e-02 2.5112035e-03
 1.2636937e-04 1.5280797e-05 4.2776132e-06 1.5129905e-06 6.8573161e-07
 2.8250574e-07 1.7292707e-07 9.5806541e-08 5.4193755e-08 3.4657972e-08
 2.0972832e-08 1.4840388e-08 9.3678354e-09 7.3352466e-09 5.3371738e-09
 4.1586010e-09 3.4372045e-09 2.8396590e-09 2.2710345e-09 2.0994841e-09
 1.9356676e-09 1.8496144e-09 1.5908089e-09 1.4228428e-09 1.3700271e-09
 1.2992081e-09 1.1364336e-09 1.0791513e-09 9.4961439e-10 8.8367208e-10
 8.1722040e-10 7.3457129e-10 6.8758860e-10 6.6210104e-10 5.7921334e-10
 5.1535903e-10 4.9726628e-10 4.9938970e-10 4.6622006e-10 4.6751503e-10
 4.4856749e-10 4.3920334e-10 4.2646864e-10 3.9361725e-10 4.0563897e-10
 3.8097339e-10 3.8563389e-10 3.6576761e-10 3.4013956e-10 3.3402109e-10
 2.9812963e-10 2.9974889e-10 3.1210021e-10 3.0050953e-10 3.1449710e-10
 3.1005157e-10 2.9229696e-10 2.9294964e-10 3.0071076e-10 2.9431529e-10
 2.9000907e-10 2.7199806e-10 2.7463432e-10 2.6684066e-10 2.6231672e-10
 2.5602143e-10 2.5808286e-10 2.5682145e-10 2.5364214e-10 2.5391197e-10
 2.5103084e-10 2.6836477e-10 2.6842120e-10 2.8410571e-10 2.7696026e-10
 2.6446853e-10 2.7614236e-10 2.7259095e-10 2.5004959e-10 2.4177332e-10
 2.5722777e-10 2.4954550e-10 2.4841837e-10 2.4181451e-10 2.4131966e-10
 2.3394686e-10 2.3212636e-10 2.3687036e-10 2.5221111e-10 2.5803393e-10
 2.9638356e-10 2.8451680e-10 2.8942743e-10 2.5104491e-10 2.4370717e-10
 2.3948701e-10 2.3096876e-10 2.1955053e-10 2.0159356e-10 1.9541760e-10
 1.8028708e-10 1.7085636e-10 1.5140780e-10 1.2336991e-10 1.0213983e-10
 8.6937589e-11 7.4035653e-11 5.5381495e-11 3.9778875e-11 2.3413037e-11
 1.4032964e-11 8.8636468e-12 4.8628102e-12 2.4894195e-12 1.1852546e-12
 5.3970088e-13 2.3314385e-13 8.2801889e-14 2.5868024e-14 8.2004385e-15
 3.3856834e-15 2.9362094e-15 4.0549060e-15 1.1839702e-15]",0.07161618,0.018595377604166668,0
20,21.wav,-487.73807,62.892757,53.577133,43.856834,34.484283,26.12811,18.609451,12.629234,8.288975,5.3399115,3.556148,2.3616252,1.4950265,-0.0013570870505645871,0.14252537979608162,0.005402825307101011,18.63322750725,-1.304224550580102e-08,0.0003185923009905808,-2.2893989086151123,284.2641147495349,-0.17467746566433878,0.1468985396840181,-0.08193526740658438,0.04784698155393438,-0.017266856182065148,0.004654466408755955,0.0035537066810164813,-0.0037184283017622833,0.003797784329537667,-0.0011563546858827654,0.0007852622118159878,0.0008853345348952558,0.00033347650295262364,-0.0014871346175798596,0.0045674358145421975,-0.006710833098020537,0.009450227939475073,-0.010674646700312792,0.011924728802802402,-0.011675337478866373,0.010999516124081395,-0.00903252681293949,0.18424615293078922,0.12479296197230588,0.0824145682589712,0.058901977059233654,0.04482788326030793,0.03661874732021024,0.030735678816664468,0.025921382896638385,0.022110642895771714,0.019056368437324417,0.016307034188156728,0.013282331961355533,0.010166246247342078,0.007533205511693311,0.007710806741126571,0.010801612647196444,0.014837713170919123,0.018338274515193816,0.020312420469281393,0.020418900622814505,0.01846598920890926,0.01521885452492212,-0.00096443447,0.010155941,0.004763312172144651,18.63547437620473,"[3.6608583e-01 1.5088375e+00 3.7054625e-01 2.4348099e-02 2.9032428e-03
 1.5512566e-04 2.3183671e-05 5.4818292e-06 1.9893446e-06 1.1014811e-06
 7.7639663e-07 6.1047160e-07 5.6021366e-07 5.4629464e-07 4.8623531e-07
 4.5405315e-07 4.1364635e-07 3.8023745e-07 3.7579045e-07 3.4484486e-07
 3.5927508e-07 3.6648709e-07 3.3238561e-07 3.2906985e-07 3.2019346e-07
 3.1904511e-07 3.2280616e-07 3.3228611e-07 3.1747001e-07 3.1538087e-07
 2.9546388e-07 3.0168209e-07 3.0007078e-07 2.9183684e-07 2.8754164e-07
 2.7809455e-07 2.8737003e-07 3.0192876e-07 3.0136820e-07 3.0174081e-07
 2.8010930e-07 2.7156872e-07 2.6836062e-07 2.7692437e-07 2.8479323e-07
 2.8400572e-07 2.9188266e-07 2.8670266e-07 2.7556746e-07 2.8269187e-07
 2.7814500e-07 2.7344888e-07 2.8855777e-07 2.6476644e-07 2.7137878e-07
 2.8718625e-07 2.7623565e-07 2.6915671e-07 2.7813371e-07 2.7479274e-07
 2.8488785e-07 2.8329640e-07 2.6391555e-07 2.8297683e-07 2.7882243e-07
 2.6302101e-07 2.6693863e-07 2.6412428e-07 2.7084266e-07 2.7835489e-07
 2.6634743e-07 2.6269998e-07 2.6235023e-07 2.4958112e-07 2.6103027e-07
 2.7785973e-07 2.7540730e-07 2.5965525e-07 2.6028786e-07 2.5999060e-07
 2.5834700e-07 2.5936711e-07 2.5162518e-07 2.6547445e-07 2.6393718e-07
 2.4695441e-07 2.5651110e-07 2.4433479e-07 2.4678729e-07 2.4728757e-07
 2.5045520e-07 2.4649310e-07 2.3663243e-07 2.3303804e-07 2.3730290e-07
 2.3904633e-07 2.3946279e-07 2.3183026e-07 2.4251091e-07 2.4269056e-07
 2.3460962e-07 2.3585423e-07 2.2679210e-07 2.2247039e-07 2.0381798e-07
 1.8591801e-07 1.7140097e-07 1.4455385e-07 1.2423887e-07 1.0846007e-07
 9.0979299e-08 6.6372046e-08 4.4334119e-08 3.1922749e-08 2.2750365e-08
 1.4584664e-08 8.8023038e-09 5.0333480e-09 2.6323406e-09 1.2760434e-09
 5.9332633e-10 2.4057381e-10 8.1749670e-11 2.5942241e-11 6.7011726e-12
 1.5415322e-12 2.5243344e-13 3.2655858e-14 4.4005517e-15]",0.060897067,0.031679506655092594,1
21,22.wav,-487.0935,73.056366,64.746124,52.74838,39.276512,26.505638,16.047253,8.659993,4.2553363,2.1462238,1.4100794,1.221691,1.0528089,-0.0013048202963545918,0.13819127471242273,-0.018249422311782837,11.172600129046803,1.2409551164438426e-09,1.206461600085634e-05,9.266899108886719,3794.9610776871596,-0.32393555781783984,0.19035644304114174,-0.08511496463512225,0.047024887537212644,-0.00505947904653039,-0.0036438057730191573,0.006705588196708556,-0.009021537267607984,0.004966775894565987,-0.0032134914146327775,0.0019386994214554624,0.0005901011095222046,0.0005417680845648795,-0.0018984463496830202,0.004511371748628695,-0.00821376111559394,0.010935200665402498,-0.013327607269853695,0.014760090119124828,-0.01448819148556487,0.013466376766523293,-0.011260149157183522,0.20941679219936252,0.14388527623464722,0.0857821782507641,0.07145465702889518,0.056539215884714895,0.04949053192869838,0.0414694263371828,0.033821844076125956,0.028910913849022203,0.024889522874338533,0.020626043518138498,0.017016903184873894,0.01237068423187979,0.00930630632820528,0.009031385729510151,0.01293093025222098,0.016969550548368222,0.02097896104733188,0.023441536430514928,0.02328904804282593,0.02144637466801078,0.017500231117295588,-0.0009223726,0.009549441,-0.01825610175728798,11.170852568216842,"[1.9821139e-01 1.3838896e+00 3.6255473e-01 6.1180107e-02 8.1815775e-03
 9.0738462e-04 1.2775922e-04 2.0423326e-05 4.2337556e-06 9.5373093e-07
 3.0025032e-07 1.1967960e-07 6.2196932e-08 3.5256484e-08 2.2901189e-08
 1.4398630e-08 1.0410170e-08 7.3854185e-09 5.8429710e-09 4.2916772e-09
 3.6102823e-09 2.9790121e-09 2.4333133e-09 2.0952624e-09 1.7014069e-09
 1.4012106e-09 1.3146907e-09 1.1393890e-09 1.0284561e-09 8.9589669e-10
 8.0370460e-10 7.6111523e-10 6.7985950e-10 5.6071747e-10 5.5530824e-10
 4.8197873e-10 4.4874285e-10 4.0840401e-10 3.9604803e-10 3.9029935e-10
 3.6010736e-10 3.2421354e-10 3.2500957e-10 2.9864114e-10 3.1460809e-10
 2.9631700e-10 2.9628761e-10 2.9155939e-10 2.9113387e-10 2.7277811e-10
 2.4896443e-10 2.4069169e-10 2.3724994e-10 2.2377331e-10 2.1868493e-10
 2.1942545e-10 2.1665139e-10 2.1260073e-10 2.0293307e-10 2.1409513e-10
 2.1744344e-10 2.0406742e-10 2.1211101e-10 2.2157931e-10 1.9651884e-10
 1.9803713e-10 2.0149547e-10 1.9866035e-10 2.0698113e-10 1.9952472e-10
 1.8339107e-10 1.8615277e-10 1.9089605e-10 1.8816983e-10 1.9601876e-10
 2.0664470e-10 1.9733788e-10 1.9185936e-10 1.9191132e-10 2.0410346e-10
 2.0766860e-10 1.9604766e-10 1.9652027e-10 1.9788737e-10 1.9004928e-10
 1.8578811e-10 1.9450906e-10 1.9110569e-10 1.8483048e-10 2.0621978e-10
 2.0027745e-10 1.8896142e-10 1.8760458e-10 1.9638127e-10 2.1208446e-10
 2.2051226e-10 2.0597865e-10 2.1353734e-10 2.0461810e-10 1.8148523e-10
 1.7406189e-10 1.6604552e-10 1.7128587e-10 1.7232299e-10 1.6278701e-10
 1.4608782e-10 1.3164610e-10 1.1376930e-10 9.5095071e-11 8.3207254e-11
 6.9293814e-11 5.6378471e-11 4.0013236e-11 2.8665029e-11 1.7725644e-11
 1.1471773e-11 6.8682555e-12 3.8732147e-12 1.9149743e-12 9.7686442e-13
 4.3250616e-13 1.7431374e-13 6.2092902e-14 1.9948893e-14 5.8985710e-15
 2.2808668e-15 1.6997447e-15 2.4080590e-15 5.5627528e-16]",0.06845458,0.011949327256944444,1
22,23.wav,-458.8938,61.802567,49.033432,34.452515,21.973055,13.782139,9.270388,6.9751973,5.647772,4.256741,2.972759,2.0667062,1.3878161,-0.0013154244516044855,0.16285625350101554,0.023283524438738823,18.684789079436683,1.1515012277030223e-09,0.00030808682709632936,0.058527905493974686,1.9009438160612362,-0.1816284560275009,0.12841786671975028,-0.051153155798067805,0.02027607561768393,-0.002947703221890665,0.0016829630611014442,0.0004769134581343423,0.0009078663921631786,-0.0004986381705604848,0.0022227359017608166,-0.0011448746674067288,0.0015882685246535059,0.00013805753784479469,-0.001276112951906104,0.0039534108820539135,-0.005945165486549187,0.008660737267710925,-0.010128579694907438,0.011480386342776613,-0.011506965363374947,0.010786783957586449,-0.009063368737907989,0.20446357184259153,0.13108868984588334,0.09290456143217052,0.07566868043418055,0.052538014739415495,0.03334658962180021,0.022958960713830367,0.01872104639818022,0.01711691607647208,0.01591863863217773,0.014605890305815307,0.012357967879713147,0.009354138851986639,0.007040402751880187,0.008028837629091078,0.01175748336510131,0.015859121398367915,0.019231758587973834,0.020975889600236802,0.020847605455596843,0.01874090670488789,0.015317860704655333,-0.00093026133,0.013262569,0.023284703493118286,18.681965330198132,"[4.95629638e-01 1.99205327e+00 4.89965916e-01 3.75190191e-02
 6.72255782e-03 1.38965261e-03 3.61914426e-04 1.06560765e-04
 3.11242511e-05 1.29576447e-05 5.62228070e-06 2.68872554e-06
 1.48863580e-06 9.90284889e-07 7.90711454e-07 7.16776185e-07
 6.06525248e-07 5.11048995e-07 4.82549183e-07 4.66016814e-07
 4.73963041e-07 4.72721581e-07 4.40521603e-07 4.29206978e-07
 4.20171460e-07 4.16130177e-07 3.98894230e-07 3.77659802e-07
 3.87632525e-07 3.85105096e-07 3.80113818e-07 3.88440611e-07
 3.74633004e-07 3.74903152e-07 3.59748555e-07 3.52180308e-07
 3.59638051e-07 3.65111248e-07 3.54751336e-07 3.46341949e-07
 3.71562777e-07 3.50711503e-07 3.36807602e-07 3.43433840e-07
 3.36276315e-07 3.57318072e-07 3.69954279e-07 3.71869533e-07
 3.75426879e-07 3.61175921e-07 3.61092248e-07 3.55271908e-07
 3.30628410e-07 3.37409006e-07 3.43585270e-07 3.42456275e-07
 3.27450721e-07 3.24985592e-07 3.31518578e-07 2.91371776e-07
 2.99476056e-07 3.03885486e-07 3.13182113e-07 3.05117311e-07
 2.86309245e-07 2.84230168e-07 3.02128313e-07 3.06235250e-07
 2.95369688e-07 3.08302390e-07 3.10010790e-07 3.07174389e-07
 2.77515426e-07 2.84210216e-07 2.91212075e-07 2.94840589e-07
 2.75564247e-07 2.53046665e-07 2.80796968e-07 2.81459990e-07
 2.72136077e-07 2.74479078e-07 2.63300535e-07 2.77386363e-07
 2.79349052e-07 2.60136233e-07 2.71656177e-07 2.56571866e-07
 2.66859701e-07 2.66765568e-07 2.64680295e-07 2.63250428e-07
 2.75558449e-07 2.78059503e-07 2.68667719e-07 2.49432475e-07
 2.57099231e-07 2.58924075e-07 2.58121901e-07 2.56876461e-07
 2.49119097e-07 2.46037160e-07 2.32089732e-07 2.20046616e-07
 2.08549977e-07 1.97654458e-07 1.77583530e-07 1.52008397e-07
 1.30100190e-07 1.13429195e-07 8.99258197e-08 6.99535647e-08
 5.43461667e-08 3.89730488e-08 2.43132448e-08 1.54978306e-08
 9.03859565e-09 4.95609731e-09 2.47656828e-09 1.17180288e-09
 5.69356173e-10 2.34458508e-10 8.41980166e-11 2.73051408e-11
 7.62704743e-12 1.69742616e-12 2.71622433e-13 3.75389010e-14
 4.04181422e-15]",0.0615335,0.03854709201388889,1
