,Input,Wav filename,flag value,pca_0,pca_1,pca_2,pca_3,pca_4,pca_5,pca_6,pca_7,pca_8,pca_9,pca_10,pca_11,pca_12,pca_13,pca_14,pca_15,pca_16,pca_17,pca_18,pca_19,Real Values,Predicted Values
419,420,/content/drive/MyDrive/ReCirCor/training_data/training_data/50048_PV.wav,1,-0.16105396,0.090436675,-0.44354942,-0.090978555,-0.074814044,0.030996842,0.20099062,-0.010520684,-0.04011364,-0.029995143,-0.21445829,0.113057226,0.05986084,0.026088666,0.13730887,-0.056242082,0.008094416,-0.028793965,-0.018964827,0.009676372,0,0.0
585,586,/content/drive/MyDrive/ReCirCor/training_data/training_data/50151_PV.wav,1,-0.54999214,-0.2073777,-0.33364668,0.17012969,0.11197744,0.10144731,-0.20554721,-0.17813769,-0.16727175,-0.21590552,0.07219865,0.04045303,0.072367854,-0.1561205,-0.03390587,-0.02012649,-0.097379886,0.025640838,0.108756915,0.039271403,0,0.0
63,64,/content/drive/MyDrive/ReCirCor/training_data/training_data/38337_AV.wav,1,0.48715648,-0.19323485,-0.034296293,-0.55057526,0.173546,-0.0123751145,-0.08622236,0.15528606,-0.17959875,0.33798194,0.106189646,-0.064380355,0.12556723,0.03349552,-0.054160602,-0.20268437,0.11009772,0.11648491,-0.0001149742,0.008853894,0,0.0
104,105,/content/drive/MyDrive/ReCirCor/training_data/training_data/46579_TV.wav,1,0.57081556,0.2625244,-0.20178942,-0.35226062,0.08864837,-0.21931139,0.3150339,-0.109581,0.062907085,0.05893359,0.0076318537,-0.2045166,-0.0324807,0.19327138,0.055907957,-0.052306596,0.023014376,-0.014264691,0.029396959,-0.026271915,1,0.0
161,162,/content/drive/MyDrive/ReCirCor/training_data/training_data/49641_PV.wav,1,-0.14496619,0.0076956446,0.13207416,-0.26607066,0.050279126,-0.10009246,0.090080455,0.4138925,0.037664544,0.17010017,0.14192033,-0.01598519,0.019416656,0.01841423,-0.039637115,-0.042446014,0.024282848,0.012767002,0.026220141,-0.019143755,0,0.0
53,54,/content/drive/MyDrive/ReCirCor/training_data/training_data/31737_TV.wav,1,-0.09982156,-0.33443493,0.23877953,-0.022166884,0.7004034,-0.555314,-0.098776445,-0.36344638,0.4002557,-0.12277665,0.14083853,0.33199587,-0.2107216,0.22470196,-0.24722886,0.13387303,0.18153742,0.04125701,-0.0756657,-0.08796274,0,0.0
729,730,/content/drive/MyDrive/ReCirCor/training_data/training_data/50264_AV.wav,1,0.77304476,-0.045069646,0.48054326,-0.11865758,0.57758087,0.07261739,-0.19659846,-0.19648474,0.11190699,-0.23327693,-0.063818574,0.042134922,-0.13237953,0.13987328,0.032779418,0.10104545,-0.045216184,-0.020111194,0.093254626,0.005051946,0,0.0
65,66,/content/drive/MyDrive/ReCirCor/training_data/training_data/39043_AV.wav,1,-0.100629516,0.103312574,0.43947208,0.07252876,0.47460032,-0.1929363,0.30372274,0.0047157914,-0.10420592,-0.010031957,0.09253091,0.10174511,-0.049189605,-0.042635646,-0.10845922,0.003903322,-0.046997733,0.10429369,0.19639714,0.0018407229,0,0.0
431,432,/content/drive/MyDrive/ReCirCor/training_data/training_data/50054_TV.wav,1,-0.17472647,0.1867373,-0.116869904,-0.13576713,-0.120120674,0.017767139,0.08424179,0.04334029,-0.008370899,0.0023277139,-0.20296742,-0.12082308,0.120367676,-0.116388604,-0.11311913,0.07888145,0.16862822,0.015917893,0.037236724,-0.11831269,1,0.0
436,437,/content/drive/MyDrive/ReCirCor/training_data/training_data/50056_MV.wav,1,2.3391593,-0.93853027,-0.573793,0.40314186,-0.06114325,-0.62180865,0.21118592,0.09133777,-0.2038855,0.12353326,0.2670525,-0.26438946,-0.59702426,-0.38164842,-0.21034823,0.2305188,-0.1993625,-0.25979796,-0.2033066,-0.082909025,1,1.0
615,616,/content/drive/MyDrive/ReCirCor/training_data/training_data/50204_MV_1.wav,1,0.24596678,-0.13279703,-0.109515525,-0.36179817,-0.027161047,0.14593948,-0.24578246,0.07652214,-0.03991882,-0.1317051,-0.06913606,-0.014739012,-0.07969095,0.027379215,0.03869541,0.13076545,0.063427374,-0.0648836,0.032634817,-0.0109675145,0,0.0
217,218,/content/drive/MyDrive/ReCirCor/training_data/training_data/49751_AV.wav,1,-0.33409888,-0.02126285,0.24939252,-0.12256774,-0.2676806,0.08788637,-0.050170325,0.1829635,0.04815434,0.21228968,-0.064437985,-0.02672131,-0.03206325,0.0658836,0.03029213,-0.004940594,0.03709481,-0.021757644,-0.010278324,0.036494028,1,0.0
403,404,/content/drive/MyDrive/ReCirCor/training_data/training_data/50029_PV.wav,1,-0.23011206,-0.21239208,-0.3639399,-0.19619308,-0.07713047,-0.2590158,-0.004645664,-0.07477519,0.11293724,-0.011505744,-0.059700966,0.14650598,0.10944178,0.12715647,0.05278957,-0.13272016,-0.06729585,0.04237524,-0.067328654,-0.028012287,0,0.0
184,185,/content/drive/MyDrive/ReCirCor/training_data/training_data/49687_TV.wav,1,-0.60209817,-0.13226739,0.118358366,0.11831805,-0.38382986,-0.15392935,-0.18192887,0.0072369687,0.15553267,-0.16241124,0.21594678,0.19363943,0.08334149,-0.13633636,-0.03343082,-0.045199323,0.041872494,-0.017873326,0.05581661,-0.0022884738,0,0.0
457,458,/content/drive/MyDrive/ReCirCor/training_data/training_data/50074_PV.wav,1,0.06240149,-0.12094486,0.06016646,-0.2837129,-0.077553704,-0.04647806,-0.25515464,-0.13266,-0.114603646,0.02421302,-0.17509969,0.055998836,0.10492962,-0.047270235,0.070658006,-0.05327973,-0.05289136,0.020679887,-0.05855063,-0.009726973,0,0.0
425,426,/content/drive/MyDrive/ReCirCor/training_data/training_data/50049_MV.wav,1,-0.87663853,-0.20961176,-0.1306072,0.0058549624,0.16143844,-0.49004805,0.07683116,0.18910466,0.24472097,0.21449797,0.11178064,-0.057493374,0.073436014,2.6912929e-05,0.057962377,0.04309752,-0.062491924,-0.04266906,0.17860092,0.16387556,0,0.0
666,667,/content/drive/MyDrive/ReCirCor/training_data/training_data/50230_PV.wav,1,-0.49078372,-0.084566385,-0.31870806,0.06059441,0.08676975,-0.07220576,-0.020521792,-0.10183365,0.096642025,-0.05159111,-0.08243297,0.08554192,-0.044807605,0.13167118,0.13807294,-0.024535283,-0.10088468,0.020287229,-0.12012942,-0.022408731,0,0.0
265,266,/content/drive/MyDrive/ReCirCor/training_data/training_data/49873_AV.wav,1,1.9604095,-0.20627742,0.14325556,-0.31916893,-0.048116155,-0.029989276,-0.07950922,-0.25414088,-0.06036611,-0.18701467,0.17778948,-0.014654418,-0.020820562,0.0810064,0.32130936,0.0668855,-0.07716729,-0.10745059,-0.057728324,-0.080421664,0,1.0
114,115,/content/drive/MyDrive/ReCirCor/training_data/training_data/49562_PV.wav,1,0.059467167,0.12357531,0.25741845,-0.068130046,0.367409,0.09698765,-0.06042471,0.076284125,0.04014533,-0.070355,-0.14592762,-0.09513627,-0.022805266,0.01867567,-0.013602061,0.06405512,0.08897682,-0.08369921,-0.010654755,-0.07506598,0,0.0
17,18,18.wav,0,0.7740799,1.8269013,-0.4988022,0.42614418,-0.1583772,-0.18336038,-0.26332104,-0.12182083,0.058537014,-0.20372663,0.07650651,0.18917176,-0.03758008,-0.22207907,0.10760435,0.16624086,0.53291404,-0.007862531,-0.119392455,0.36864448,0,1.0
611,612,/content/drive/MyDrive/ReCirCor/training_data/training_data/50174_PV.wav,1,2.5463703,-0.8956113,-0.43178144,0.61656314,0.033486534,0.12183667,0.36894944,-0.14748974,0.025016304,0.83138293,0.038685866,-0.07484054,-0.027168494,0.08636698,-0.29380438,-0.3185794,0.108272426,-0.18694858,-0.21807152,0.18579656,0,1.0
434,435,/content/drive/MyDrive/ReCirCor/training_data/training_data/50056_PV.wav,1,1.7559526,-0.22651117,-0.44865447,0.13783641,-0.11916292,-0.21552806,0.4181647,-0.13805078,-0.022235526,-0.04334453,0.14639243,-0.24107973,0.013940722,-0.52497715,0.10878515,0.31246018,0.060684334,0.13456361,-0.12861456,0.04560925,1,1.0
203,204,/content/drive/MyDrive/ReCirCor/training_data/training_data/49729_MV.wav,1,-0.24384154,0.05947648,0.49766982,0.05455857,0.35234496,0.083969116,0.15679231,0.18833563,-0.054352626,0.02637817,-0.14298126,-0.03670127,-0.045973923,-0.027481778,0.048044097,0.09678547,0.032715954,0.055902928,-0.09661628,0.0912435,0,0.0
580,581,/content/drive/MyDrive/ReCirCor/training_data/training_data/50149_MV.wav,1,-0.14310837,-0.24433272,-0.15881166,-0.4463446,0.38725618,-0.18121536,-0.39049178,0.15478756,0.16817918,0.09662578,-0.29862002,-0.25240806,0.25719735,-0.017420685,0.1209782,-0.031050272,-0.010996916,-0.2219313,-0.025801534,-0.12984715,1,0.0
1013,1014,/content/drive/MyDrive/ReCirCor/training_data/training_data/50668_TV.wav,1,-0.6143606,-0.15066887,0.37894508,0.042668212,-0.3585155,-0.20349902,-0.18493015,-0.04598069,0.04237023,0.09271733,0.073653385,0.058554538,0.120686136,-0.106394574,-0.13531835,-0.02478801,0.1459754,-0.0027386795,-0.062213503,-0.14394478,0,0.0
764,765,/content/drive/MyDrive/ReCirCor/training_data/training_data/50281_MV.wav,1,-0.94716585,0.053313557,-0.5017579,0.48517138,-0.26209986,0.14953947,0.07888247,-0.30480742,-0.34362018,0.29315266,0.18661872,-0.10454987,-0.06777077,0.11779345,0.28724936,0.030179642,-0.097685605,-0.043303277,0.076329336,-0.09773773,0,0.0
374,375,/content/drive/MyDrive/ReCirCor/training_data/training_data/50008_AV.wav,1,-0.21225785,0.002085608,-0.34114286,-0.043592654,-0.12534617,0.11622745,0.12706657,0.26951844,-0.13002877,0.1354693,0.041093826,0.1435909,-0.0900961,0.027043201,0.0069564474,0.01302195,0.00022642582,-0.0057986793,0.04494265,0.025556404,0,0.0
260,261,/content/drive/MyDrive/ReCirCor/training_data/training_data/49853_MV.wav,1,-0.11187656,0.23730743,0.3839702,-0.054816354,-0.38833544,0.1899295,0.14939588,-0.0337106,0.02487723,0.06535437,-0.29284552,-0.061734177,-0.104921065,0.108691,0.0071939486,0.20235999,0.11022778,-0.07781858,-0.115068965,0.09441227,0,0.0
650,651,/content/drive/MyDrive/ReCirCor/training_data/training_data/50220_MV.wav,1,-0.46031037,-0.16535774,0.32023206,0.13941078,0.36869904,-0.14295451,-0.064054124,-0.116811216,-0.030079566,-0.053688727,0.18885463,-0.0784804,0.034205306,-0.0937778,-0.041858688,0.040070206,-0.046846498,0.064757064,-0.032493353,0.035942797,1,0.0
751,752,/content/drive/MyDrive/ReCirCor/training_data/training_data/50277_AV.wav,1,-0.3903307,0.14897557,0.53283924,0.011389137,-0.5242397,-0.08880185,0.34373686,0.10403545,0.25990096,0.0056306412,0.07275299,-0.03091157,-0.17619249,0.2244281,-0.032480974,-0.013707559,-0.12231486,-0.0028557838,0.04539587,0.040458106,1,0.0
343,344,/content/drive/MyDrive/ReCirCor/training_data/training_data/49993_TV.wav,1,0.15631118,-0.010018599,0.31172785,-0.23273604,-0.264881,-0.0898739,-0.10985152,-0.085235104,-0.05277245,-0.17604408,0.03330622,0.037761074,0.14176789,-0.17772923,-0.091496184,-0.011017544,0.079242714,-0.04185619,0.02812247,0.035704315,0,0.0
307,308,/content/drive/MyDrive/ReCirCor/training_data/training_data/49968_PV.wav,1,-0.53096175,0.14242524,-0.042760756,0.2290595,0.10721432,0.22663742,-0.0063842125,-0.06293301,-0.03784024,0.06679141,0.070630826,-0.40780437,0.07649173,0.06837826,-0.0998217,0.06254951,-0.017143017,-0.02723036,-0.04184674,-0.052729856,0,0.0
177,178,/content/drive/MyDrive/ReCirCor/training_data/training_data/49678_MV.wav,1,-0.55028373,-0.17823952,-0.2958275,-0.07995811,0.16826436,-0.4281045,-0.026749704,-0.18337673,0.19466993,0.034161314,-0.15286604,-0.090907015,-0.050259218,0.07413032,0.035173234,0.13456547,-0.07584367,0.034354746,0.06659787,0.11227185,0,0.0
743,744,/content/drive/MyDrive/ReCirCor/training_data/training_data/50275_AV.wav,1,-0.6423906,0.072537385,0.43967256,0.42954916,-0.4774344,0.3638478,-0.1671129,-0.18014985,-0.044349484,-0.11931384,0.19470473,-0.016247317,-0.092779465,-0.021825317,-0.22760575,0.035062775,0.11739639,-0.0429717,-0.0054185195,-0.09637619,0,0.0
826,827,/content/drive/MyDrive/ReCirCor/training_data/training_data/50319_MV.wav,1,-0.47715876,-0.1547286,0.3406092,0.20550491,-0.3793945,-0.12970991,-0.2926233,-0.4223844,-0.05663264,0.079666376,0.14881976,0.09905442,0.03013946,-0.016464634,-0.0003335084,-0.115460835,0.07056941,0.038088724,-0.052974332,-0.06069817,1,1.0
761,762,/content/drive/MyDrive/ReCirCor/training_data/training_data/50280_TV.wav,1,1.5424305,-0.53592485,0.47150508,0.054401822,-0.29074362,0.0040734853,-0.13118601,-0.2934158,0.3604165,-0.09066922,0.029453926,0.017786898,-0.085542,-0.24553716,0.059174713,-0.17897758,-0.20042366,-0.06667679,-0.0130907465,-0.094916865,1,1.0
554,555,/content/drive/MyDrive/ReCirCor/training_data/training_data/50127_TV.wav,1,-0.2919594,0.16204162,-0.20721158,-0.07868984,0.015665444,-0.014652907,0.19948326,0.21309783,0.07885328,-0.18427832,-0.07397654,0.015235848,0.008296374,-0.09112126,0.0078947125,0.06323767,0.016577767,-0.012226766,-0.053650327,-0.01647201,1,0.0
298,299,/content/drive/MyDrive/ReCirCor/training_data/training_data/49960_AV.wav,1,-0.5645944,-0.20608743,-0.42503232,-0.041907594,0.07742995,0.06313192,-0.19983791,0.1753851,0.030475244,0.060280744,0.13306876,-0.09320008,0.049032938,-0.046925172,0.01854109,-0.001662694,0.012271565,0.042998843,0.07765212,0.09010978,0,0.0
963,964,/content/drive/MyDrive/ReCirCor/training_data/training_data/50645_AV.wav,1,0.27202225,0.35610524,-0.15573452,-0.05223797,-0.24243125,0.10257546,0.3829075,-0.13804173,-0.09771355,-0.1158288,-0.051440515,0.026165614,0.08090753,0.039320786,0.0017369194,-0.08700671,0.05813375,0.060506985,0.061568566,-0.10341915,0,0.0
77,78,/content/drive/MyDrive/ReCirCor/training_data/training_data/40798_AV.wav,1,0.024985833,-0.34676343,-0.49156576,-0.21514204,0.0963093,-0.10464355,-0.16963875,0.20799382,-0.10912642,0.07619759,0.05364897,0.2146433,0.018905263,-0.0099198185,-0.0050536445,-0.0051114457,0.027716182,0.058052447,-0.0038831963,0.10723079,0,0.0
280,281,/content/drive/MyDrive/ReCirCor/training_data/training_data/49900_MV.wav,1,0.7837084,0.060520235,0.62287945,-0.43092197,-0.18074413,0.20495114,-0.1657094,-0.14182639,-0.15785223,-0.06537741,-0.0074352305,-0.1347522,0.0030113847,0.008095183,0.030987743,0.06956744,-0.0016437994,-0.035697814,0.023400497,0.057450473,1,0.0
865,866,/content/drive/MyDrive/ReCirCor/training_data/training_data/50339_AV.wav,1,-0.5911011,-0.06904007,0.42283475,0.08141638,-0.40216053,0.031690456,-0.05470425,0.28542775,-0.012768233,0.25087586,0.1342498,0.12800232,-0.014880095,-0.044802554,0.17104341,-0.06326783,-0.011975423,0.032644775,-0.018337611,0.020346817,0,0.0
652,653,/content/drive/MyDrive/ReCirCor/training_data/training_data/50221_MV.wav,1,-0.069875784,0.06419519,0.28255185,-0.04527796,-0.2933665,0.26954782,-0.056569833,0.029027201,0.010406773,-0.070926465,-0.09804869,0.0033826935,-0.112449475,0.12928684,0.0019888743,0.009342275,-0.038892247,0.016320288,-0.10639151,0.046352845,1,0.0
721,722,/content/drive/MyDrive/ReCirCor/training_data/training_data/50261_PV.wav,1,-0.4191683,-0.116462305,-0.5443652,-0.08284216,-0.038824033,-0.3142996,-0.06620576,-0.17374672,0.14639238,-0.008046518,-0.09013847,0.003476417,-0.02419067,0.10719181,-0.036033835,0.0050787143,-0.11792074,0.029639332,0.03150437,-0.027095497,0,0.0
620,621,/content/drive/MyDrive/ReCirCor/training_data/training_data/50207_AV.wav,1,0.6999934,-0.08470782,-0.32419306,-0.30392122,0.17394459,0.23157158,-0.10646749,-0.022044318,-0.17381014,-0.14836513,0.05495708,0.15520778,0.029555386,0.066000804,-0.047692064,-0.11852652,-0.07489215,-0.060408227,-0.023844324,-0.048608486,0,0.0
638,639,/content/drive/MyDrive/ReCirCor/training_data/training_data/50216_PV.wav,1,-0.05079567,0.17778303,-0.06690251,-0.10087987,0.15747528,0.1547722,0.13317294,0.15630783,0.0393421,-0.062506355,-0.13493492,-0.015905285,-0.14554879,0.1103808,0.099459946,0.11796569,-0.0154519295,0.028049227,-0.06826821,0.027539268,0,0.0
579,580,/content/drive/MyDrive/ReCirCor/training_data/training_data/50149_PV.wav,1,-0.38109347,-0.30827805,-0.390791,-0.29942638,0.06275801,-0.19344753,-0.33678085,0.23609555,0.29727823,0.036917634,-0.16973493,-0.18615976,0.1868653,-0.048007198,0.040996794,-0.058865976,0.015964001,-0.20932317,-0.11126151,-0.008255981,1,0.0
157,158,/content/drive/MyDrive/ReCirCor/training_data/training_data/49630_MV.wav,1,-0.8436811,-0.10561418,0.17043696,0.39854705,0.28696913,-0.23094375,-0.010617829,-0.26227713,0.032279033,0.11493621,-0.09746701,0.084534764,-0.003921352,-0.025110511,-0.0053096064,0.04961898,0.03292237,0.039003562,0.0020927908,-0.033360716,1,0.0
966,967,/content/drive/MyDrive/ReCirCor/training_data/training_data/50645_MV.wav,1,-0.036326393,-0.17305228,-0.4677256,-0.30299738,0.012542633,-0.3786803,0.08965896,0.014108473,-0.03614208,0.066469,-0.044951465,0.02279108,0.13465813,-0.09445631,-0.041257385,-0.04983129,-0.055845585,0.09801924,0.0723921,-0.05340962,0,0.0
418,419,/content/drive/MyDrive/ReCirCor/training_data/training_data/50047_MV.wav,1,-0.3658807,0.2205738,0.06006214,0.18682049,0.17003231,0.17761296,0.13478835,0.1443952,-0.094176255,-0.11180938,-0.07168254,0.007604858,0.059352703,-0.12023371,-0.10657194,0.009264833,0.0061506485,-0.09754048,0.07184549,0.09193118,0,0.0
379,380,/content/drive/MyDrive/ReCirCor/training_data/training_data/50012_MV.wav,1,0.07385747,-0.06467889,0.13932635,-0.32149965,-0.07260757,0.26363194,-0.3952552,0.046636175,-0.04439131,0.11536237,-0.22214122,-0.25347552,0.055796232,0.032994755,-0.18903524,0.1295558,0.091324285,-0.036676615,0.04683973,-0.060847037,0,0.0
565,566,/content/drive/MyDrive/ReCirCor/training_data/training_data/50136_AV.wav,1,1.2554089,-0.05024496,0.7175829,-0.6077913,-0.12923363,-0.0054038903,-0.07132636,-0.2959536,-0.12748697,0.055223387,0.094221994,-0.18359135,0.096822515,0.0188719,0.19818997,-0.06614227,-0.008986517,-0.04408637,0.053122077,-0.042507257,1,0.0
1020,1021,/content/drive/MyDrive/ReCirCor/training_data/training_data/50673_AV.wav,1,-0.24077138,0.07366296,-0.41195714,0.0009747614,-0.05353019,0.21776986,0.11109338,-0.0125980815,0.08977527,-0.084200725,-0.067696236,-0.08767919,-0.0148416,0.18744957,-0.072077684,-0.05921224,0.053952023,0.0044164457,-0.06462514,-0.03283944,0,0.0
916,917,/content/drive/MyDrive/ReCirCor/training_data/training_data/50385_TV.wav,1,-0.48863328,-0.15405026,-0.39932403,-0.02253582,0.082872294,-0.15296708,-0.045603335,-0.28313366,0.1368994,-0.035193842,-0.21310884,0.027067453,-0.073961765,0.16495626,0.0048892824,0.0920759,-0.008721049,0.092364565,-0.07811183,-0.00137409,0,0.0
144,145,/content/drive/MyDrive/ReCirCor/training_data/training_data/49622_AV.wav,1,-0.31859848,-0.112675264,-0.18655524,-0.07360538,0.22211608,0.030650461,-0.0101528205,-0.043046653,-0.24213417,0.3076621,-0.049026646,0.061826862,-0.094685614,0.10592462,-0.021327533,0.0983841,0.014995818,0.031090882,0.08269695,0.053191293,0,0.0
118,119,/content/drive/MyDrive/ReCirCor/training_data/training_data/49568_PV.wav,1,-0.25920835,0.034745585,0.05704281,-0.07645167,-0.25272492,0.075777896,0.12924975,0.2446751,-0.03156287,0.07265034,0.08779261,0.06373207,-0.007589466,0.037094083,0.03317834,-0.052231267,0.040543053,-0.027217407,0.012106921,-0.051390007,0,0.0
39,40,/content/drive/MyDrive/ReCirCor/training_data/training_data/24160_AV.wav,1,-0.19936034,-0.17026962,0.2492695,-0.06792348,0.2038639,-0.2655757,-0.004280921,-0.12054878,0.10294823,0.08552935,0.016666323,0.13024278,-0.1295031,0.14897303,0.02405664,-0.00729548,-0.039936345,0.17284562,-0.01427013,-0.037423264,0,0.0
155,156,/content/drive/MyDrive/ReCirCor/training_data/training_data/49630_PV.wav,1,-0.50289816,0.083702795,-0.43488184,0.004971761,-0.11829336,-0.07881715,0.2652373,0.089724176,0.16350845,0.1194104,-0.033279695,-0.008157117,-0.027013244,0.1959048,0.009775907,-0.015376782,0.070614815,-0.0154450415,0.021403892,-0.042949427,1,0.0
441,442,/content/drive/MyDrive/ReCirCor/training_data/training_data/50061_PV.wav,1,0.28324592,-0.04388018,0.44088218,-0.29470628,-0.266308,-0.22223158,0.014802588,-0.14893606,-0.1152922,0.16692333,-0.047461748,0.14110953,-0.03187727,0.028525945,0.1401274,0.014234439,-0.035485227,0.0024316583,0.0049906354,0.046544988,0,0.0
663,664,/content/drive/MyDrive/ReCirCor/training_data/training_data/50229_TV.wav,1,0.5139183,-0.01157624,-0.24578455,-0.30933294,-0.04479118,-0.04079996,0.24821277,0.11152671,0.039050877,-0.029333642,0.009786899,-0.15963863,-0.05632555,0.032165457,0.07223182,0.09590414,-0.04665419,0.040856387,-4.4641933e-05,0.008152242,1,0.0
76,77,/content/drive/MyDrive/ReCirCor/training_data/training_data/40058_MV.wav,1,-0.3661682,-0.26154873,-0.06125975,-0.14027312,0.29538086,-0.30688685,-0.116377816,0.014998715,0.0064472915,0.21848278,-0.00046263172,0.09984714,0.04079299,-0.021611327,0.13064204,-0.023967387,0.085865304,0.12222092,-0.010759861,-0.011359858,0,0.0
981,982,/content/drive/MyDrive/ReCirCor/training_data/training_data/50654_TV.wav,1,2.8810809,-1.8152293,0.2121645,1.8621513,-0.6069002,-0.7785711,-0.3027202,0.6853803,-0.4002924,-0.40535864,-0.27430996,-0.16494563,0.566332,0.5472886,-0.0029913057,0.075304836,0.08877401,0.19525689,0.06643638,0.019267892,0,1.0
539,540,/content/drive/MyDrive/ReCirCor/training_data/training_data/50119_PV.wav,1,-0.2093123,-0.08595896,-0.27762252,-0.013518574,0.19540255,0.2888353,-0.25520036,-0.27993572,-0.067637585,-0.32930347,-0.29540765,-0.29121718,0.088427305,-0.08438691,-0.34844047,0.07066798,-0.074677564,0.07263703,0.08210357,-0.056351345,0,0.0
914,915,/content/drive/MyDrive/ReCirCor/training_data/training_data/50385_AV.wav,1,0.1718829,0.45064494,0.491863,0.14922188,0.21146828,0.040203422,0.5103853,-0.12585981,-0.011513843,-0.12087577,-0.07917138,-0.09414047,0.071304716,-0.012167034,0.00023654712,0.024408236,0.06994193,-0.024202624,0.05647137,-0.090424396,0,0.0
667,668,/content/drive/MyDrive/ReCirCor/training_data/training_data/50230_TV.wav,1,-0.059969008,-0.070970334,-0.34511346,0.020574622,0.020298218,-0.01665522,0.10229604,0.13909018,0.024305841,-0.20814653,-0.011422783,-0.04419621,0.14178278,-0.1740877,-0.028034566,-0.13173197,-0.073806375,0.014736172,-0.1290843,-0.06470414,0,0.0
224,225,/content/drive/MyDrive/ReCirCor/training_data/training_data/49754_MV.wav,1,0.37943685,-0.116713256,0.42293265,0.13098955,0.4794561,-0.25617164,-0.08602549,-0.20059271,-0.27714118,0.0041950084,-0.12231007,0.04869902,0.11811636,-0.16998017,-0.077951945,-0.0563418,-0.046544377,0.042922873,0.14865716,-0.07259588,1,0.0
2,3,3.wav,0,1.3388636,2.3865378,-0.33537844,0.30306405,-0.09472913,-0.35692066,-0.2604099,-0.14707127,0.00246564,0.21309237,0.054494318,-0.01829931,-0.05772097,0.23045996,-0.11420035,-0.11389062,-0.052598674,-0.15421197,0.07898543,-0.07224442,0,1.0
866,867,/content/drive/MyDrive/ReCirCor/training_data/training_data/50339_PV.wav,1,-0.3689121,0.19037412,0.3644939,0.2214459,0.17799601,0.11678936,0.3709968,0.22855951,-0.033798542,0.06811479,-0.05865799,0.17915557,-0.07273162,0.055141747,0.17803454,-0.05528652,0.016773013,-0.04148002,-0.06720761,0.022320854,0,0.0
400,401,/content/drive/MyDrive/ReCirCor/training_data/training_data/50027_AV.wav,1,0.16600381,-0.2840082,-0.4280066,-0.34135973,0.14493108,0.023904318,-0.18315539,0.08089468,-0.029569313,0.0833451,-0.038204644,0.083530955,-0.03565534,0.070286,0.0014670842,0.03802687,0.04550546,0.0013716768,0.033332244,-0.0066999486,0,0.0
253,254,/content/drive/MyDrive/ReCirCor/training_data/training_data/49842_TV.wav,1,-0.62801945,-0.057158872,-0.6007154,0.29026556,-0.12564528,0.048165753,-0.023843786,-0.22808927,-0.26574776,-0.011245779,0.19378993,0.21480392,0.1024574,-0.034616675,0.0152748255,-0.11400036,0.053945675,-0.05180394,0.051638737,-0.027077034,0,0.0
593,594,/content/drive/MyDrive/ReCirCor/training_data/training_data/50159_MV.wav,1,-0.8034356,0.108955815,0.42804685,0.35011423,0.18432939,-0.17462078,0.3298284,0.24585836,0.019123815,0.050181333,-0.16673103,0.12636434,0.09196194,-0.18425612,0.057065737,-0.053629946,-0.045508653,-0.07650218,0.026146814,-0.021807754,1,0.0
649,650,/content/drive/MyDrive/ReCirCor/training_data/training_data/50220_AV.wav,1,0.5637197,-0.0711081,-0.16418171,-0.49677688,-0.0015683,-0.12200771,0.045637384,-0.06838995,-0.074063115,-0.05729724,0.11361655,-0.05101747,-0.02489778,0.089278325,0.011477978,0.033254273,0.021670735,0.08514492,-0.0018285292,0.12200946,1,0.0
179,180,/content/drive/MyDrive/ReCirCor/training_data/training_data/49683_PV.wav,1,0.63791454,-0.116491705,-0.3040037,-0.1687294,0.087224215,-0.14575532,0.1536466,0.04745949,-0.15850203,0.096237384,0.108721316,0.13189049,-0.09742037,-0.09436089,-0.019218538,0.029677277,-0.031507965,-0.111864775,0.04360275,-0.08310832,0,0.0
898,899,/content/drive/MyDrive/ReCirCor/training_data/training_data/50354_TV.wav,1,-0.3864583,0.230182,0.5152247,0.25401706,0.20626327,-0.09348863,0.4443221,0.12447046,0.1347548,-0.09366052,-0.07974672,-0.002817785,-0.058233686,0.03885567,0.024858255,-0.06502928,0.0004566652,-0.031414393,-0.023326136,-0.07631818,0,0.0
319,320,/content/drive/MyDrive/ReCirCor/training_data/training_data/49980_AV.wav,1,1.3483827,-0.060469378,-0.3125696,0.21629108,0.10451989,1.005508,0.4198506,-0.30432445,0.7891055,0.58312887,0.26786572,0.5840248,0.86595917,-0.044134304,-0.117095426,0.5993586,-0.30595118,0.00752861,-0.026822032,-0.0027688746,0,0.0
810,811,/content/drive/MyDrive/ReCirCor/training_data/training_data/50314_AV.wav,1,0.9194664,-0.11202966,-0.13709924,-0.06506345,0.0048583285,0.72533506,-0.27700475,-0.011970371,0.15551509,-0.116989605,-0.120408244,0.08118815,0.0020462798,-0.16451722,0.016451288,-0.075764045,-0.011522591,0.07676012,0.037711196,-0.0440071,0,0.0
225,226,/content/drive/MyDrive/ReCirCor/training_data/training_data/49776_AV.wav,1,-0.16926052,-7.007416e-05,-0.3434625,-0.07242606,-0.05147393,0.24808055,-0.012837991,0.06730161,-0.15660714,0.053202566,-0.17611681,-0.063555226,0.043775223,0.050196487,-0.06473363,0.0067239795,0.005616795,0.038873207,-0.06871619,0.002963314,0,0.0
863,864,/content/drive/MyDrive/ReCirCor/training_data/training_data/50337_TV.wav,1,-0.6878779,-0.14220257,-0.5761689,0.17846654,-0.078073524,0.15663768,-0.166925,-0.14518417,-0.024061428,-0.1510444,0.014994883,-0.012640847,0.08871782,0.006143719,0.05627202,-0.008768546,0.008932747,0.043115463,-0.08686982,-0.012151977,0,0.0
993,994,/content/drive/MyDrive/ReCirCor/training_data/training_data/50658_AV.wav,1,-0.49031657,-0.11741998,-0.11060876,-0.02809886,-0.2491733,-0.13011758,-0.035674196,-0.0819481,-0.08391996,0.12250361,-0.12226918,0.115119874,-0.024394367,-0.03928536,0.03592494,0.03637358,-0.049841605,0.066859595,0.047610506,0.015378258,0,0.0
333,334,/content/drive/MyDrive/ReCirCor/training_data/training_data/49988_TV.wav,1,-0.14203602,-0.081606865,-0.5432365,0.20961365,-0.16030863,-0.044636004,0.21554919,-0.043259513,-0.05703351,-0.029982867,-0.15218896,-0.09263167,-0.2233273,-0.26129895,-0.20639247,0.10935234,-0.082538866,-0.13617694,-0.06550727,-0.13368577,0,0.0
1014,1015,/content/drive/MyDrive/ReCirCor/training_data/training_data/50668_MV.wav,1,-0.7168861,-0.19550523,0.32186463,0.25683394,0.40386942,-0.20431161,-0.099367544,-0.104446135,0.06824097,0.083270945,-0.05671195,0.18637578,-0.009510277,-0.057865348,-0.13947457,0.023311447,0.27248237,0.062022224,-0.16895077,-0.2527283,0,0.0
582,583,/content/drive/MyDrive/ReCirCor/training_data/training_data/50150_PV.wav,1,0.30578774,0.110390104,0.080459625,-0.23897007,-0.2328089,-0.07143804,0.21852796,-0.11288684,-0.1731644,-0.060266245,-0.14722662,-0.062145047,0.2531096,-0.18646207,0.1067861,-0.043665987,0.023334531,0.069139056,-0.04433661,-0.09729425,1,0.0
525,526,/content/drive/MyDrive/ReCirCor/training_data/training_data/50113_TV.wav,1,-0.69036883,0.03847879,-0.32211852,0.1667533,-0.053213265,0.14659084,0.019262847,-0.08646588,-0.070414916,0.044531085,-0.23986162,-0.23488937,0.084325045,-0.014354817,0.09691703,0.0041525383,-0.08234986,0.003977869,-0.05889926,0.08499432,0,0.0
999,1000,/content/drive/MyDrive/ReCirCor/training_data/training_data/50659_TV.wav,1,0.2117319,0.053039495,-0.3994312,-0.20049977,-0.009446042,-0.056514375,0.15692998,-0.08592702,0.046430215,-0.21021232,-0.033813987,-0.09655598,0.087197095,-0.05694984,-0.05126726,0.01940386,-0.02296162,0.03240486,0.06416717,-0.023836762,0,0.0
945,946,/content/drive/MyDrive/ReCirCor/training_data/training_data/50628_MV.wav,1,0.031755954,-0.22698449,0.47050348,-0.0724685,-0.29486492,0.09359323,-0.2629526,-0.11939922,-0.22507992,-0.048935898,0.05842534,0.3131608,0.013303983,-0.011601403,-0.15443458,-0.04857327,-0.012550283,-0.0304035,-0.012692703,0.073714614,0,0.0
215,216,/content/drive/MyDrive/ReCirCor/training_data/training_data/49748_TV.wav,1,0.49174598,0.35839757,0.3525111,-0.0638836,0.16857679,0.031569887,0.7334218,-0.20663844,0.14010404,-0.16830195,0.21448821,-0.08020845,-0.05198339,0.16974057,0.122122884,0.09318853,0.21149231,0.15433677,-0.05869469,0.075396,1,0.0
782,783,/content/drive/MyDrive/ReCirCor/training_data/training_data/50296_PV.wav,1,-0.3892456,-0.09033526,0.07317844,0.16081977,-0.2790126,0.047864698,-0.14978845,-0.36536404,-0.17789996,-0.023034178,-0.23135562,0.1661409,-0.008608383,0.05771925,-0.04326183,-0.008602768,-0.18890901,0.045032736,-0.08266482,0.0402387,0,0.0
412,413,/content/drive/MyDrive/ReCirCor/training_data/training_data/50037_MV.wav,1,-0.5409022,-0.12374269,0.25091064,0.28662747,0.36237544,0.14956135,-0.20297281,-0.06848061,0.007879463,-0.06852259,0.1025952,-0.05808957,0.031054888,-0.07840282,-0.023548497,-0.0081406655,0.08261996,-0.008288803,-0.14554277,0.03390879,0,0.0
643,644,/content/drive/MyDrive/ReCirCor/training_data/training_data/50218_PV.wav,1,-0.35280615,-0.27342975,0.16570333,-0.25440434,0.44499457,-0.43392372,-0.17490351,0.013288537,0.23921493,-0.00857198,-0.23098592,-0.16820708,0.091580994,-0.07178175,-0.049244765,0.04204897,-0.045966826,0.066385984,-0.14082302,0.09785098,0,0.0
123,124,/content/drive/MyDrive/ReCirCor/training_data/training_data/49572_MV.wav,1,-0.53518856,0.06950928,0.09467117,0.26160222,0.07924006,0.27352783,0.061465375,0.12315681,-0.08870598,-0.079103455,0.07523531,-0.06577772,-0.020828899,-0.033969335,-0.01882091,0.009869094,0.042941485,-0.05475256,0.024450839,0.03181618,1,0.0
595,596,/content/drive/MyDrive/ReCirCor/training_data/training_data/50160_TV.wav,1,-0.86246014,-0.09034824,-0.12823744,-0.03130478,-0.2317046,-0.20687273,-0.09624682,0.19027577,0.11863252,0.16997103,-0.06704021,-0.23934796,0.16739865,-0.14339729,0.03180852,0.06271657,0.018343223,-0.08314772,0.044511545,0.0889112,0,0.0
490,491,/content/drive/MyDrive/ReCirCor/training_data/training_data/50092_TV.wav,1,-0.37344757,0.031493045,0.13588105,-0.052266873,-0.27829647,-0.15012546,0.0961108,0.030935872,0.1511956,-0.043616697,-0.10613924,0.07227075,0.032511745,0.0040925825,-0.007778833,-0.009803781,0.044233546,-0.051411856,-0.0041576144,0.024542222,0,0.0
383,384,/content/drive/MyDrive/ReCirCor/training_data/training_data/50014_MV.wav,1,0.39981908,-0.20652007,0.11510842,-0.25839767,-0.12302324,-0.09790596,-0.39104274,0.2852198,0.050306775,0.048631575,0.044060033,0.05058062,-0.30525953,-0.28179464,0.049115784,0.20983826,-0.091251664,-0.08815976,-0.013109963,-0.06249198,0,0.0
803,804,/content/drive/MyDrive/ReCirCor/training_data/training_data/50311_PV.wav,1,-0.40342045,-0.027847458,0.2064268,0.014307165,-0.3042274,0.09744853,-0.10416394,0.12015709,-0.02073755,0.14336137,-0.042737506,0.13181642,-0.111038856,0.056821465,0.0651778,0.066085234,0.050090127,-0.005621424,0.021111691,0.111931264,0,0.0
332,333,/content/drive/MyDrive/ReCirCor/training_data/training_data/49988_PV.wav,1,-0.30770946,0.082946934,0.48488513,0.14063773,0.3610632,0.007244567,0.10870766,0.022223676,-0.005826704,0.0155261485,-0.17685851,-0.051479775,-0.07970067,-0.025355589,-0.014395076,0.10426149,0.036194116,0.027300533,-0.0403134,-0.021800784,0,0.0
320,321,/content/drive/MyDrive/ReCirCor/training_data/training_data/49980_PV.wav,1,0.102770396,0.2645388,0.16577774,-0.012585315,0.17988777,0.09976072,0.27743202,0.049549136,-0.13586028,-0.044182006,-0.033990383,-0.021295488,0.04424077,-0.028674701,-0.12638286,-0.019940741,0.0017086142,0.0151053285,0.04285052,-0.10751947,0,0.0
562,563,/content/drive/MyDrive/ReCirCor/training_data/training_data/50129_TV.wav,1,-0.32944632,0.13734089,0.12536423,0.060054883,-0.3726088,-0.003205668,0.09226614,0.18111672,0.111644424,-0.040722318,-0.09901362,-0.042796105,-0.073923126,-0.09422527,0.08795717,-0.013771608,-0.11997122,-0.06831819,-0.0025269776,-0.035400156,1,0.0
820,821,/content/drive/MyDrive/ReCirCor/training_data/training_data/50318_PV.wav,1,0.05330121,0.27493495,0.35038078,0.17357266,0.21723899,0.43433324,0.19066247,0.035951633,-0.15708745,-0.19070417,0.042254016,0.06235519,-0.12996069,0.06716819,-0.096846715,-0.05719156,-0.064771235,-0.001296691,0.0400011,-0.010943916,0,0.0
678,679,/content/drive/MyDrive/ReCirCor/training_data/training_data/50238_PV.wav,1,-0.55382603,0.038559817,0.16734222,0.0068395655,0.16414575,-0.2659448,0.36083007,0.23889111,0.0884295,0.23180567,0.036253303,-0.09476848,0.06360928,-0.020725813,-0.08322443,-0.038241867,0.017136209,0.0741831,0.021224042,0.030570632,1,0.0
723,724,/content/drive/MyDrive/ReCirCor/training_data/training_data/50261_MV.wav,1,-0.058684792,-0.025239823,-0.25740078,-0.16365458,-0.09743869,0.16850136,-0.016908212,0.1594982,0.10525824,-0.12894863,0.017527318,0.047746886,-0.18037337,0.11673992,-0.06329195,0.17615344,0.08787417,0.07223965,0.0017824136,0.066760026,0,0.0
899,900,/content/drive/MyDrive/ReCirCor/training_data/training_data/50354_MV.wav,1,-0.5420464,-0.14085636,0.5331237,-0.0893429,-0.3542598,-0.17474724,-0.14296201,0.19540158,0.045334432,0.24108641,0.057269752,-0.040284503,0.019250344,-0.06312112,-0.054337896,0.02251269,0.13292675,0.030520597,-0.076361895,-0.24082099,0,0.0
73,74,/content/drive/MyDrive/ReCirCor/training_data/training_data/40058_AV.wav,1,-0.0058945403,-0.18396254,-0.4585812,-0.005581026,-0.0842775,-0.023445949,0.06882724,0.14332075,-0.1845602,-0.082455866,0.11289411,0.15176712,-0.05200704,-0.16160268,-0.23302045,0.033459794,-0.0060024527,0.03389974,0.05959587,0.03873123,0,0.0
97,98,/content/drive/MyDrive/ReCirCor/training_data/training_data/46065_AV.wav,1,0.93280745,0.39779735,0.005298417,-0.38698885,-0.14442316,-0.14673325,0.68116975,-0.38140875,0.040308904,0.042731922,0.15788253,-0.31936502,0.20035197,0.11300396,0.037288144,0.020329664,0.13770676,0.16878982,0.04966445,-0.14887546,1,0.0
229,230,/content/drive/MyDrive/ReCirCor/training_data/training_data/49808_MV.wav,1,-0.3463264,-0.12650979,0.47995594,-0.18911792,-0.34184003,-0.23150861,-0.075586654,-0.06318146,0.07339221,0.01693554,-0.049955335,-0.06062384,-0.036355723,-0.0013928072,-0.1894066,0.2039496,0.0030402606,0.0074494015,0.121909045,0.076930836,0,0.0
929,930,/content/drive/MyDrive/ReCirCor/training_data/training_data/50393_AV.wav,1,-0.65864825,0.04289054,0.33354628,0.56742656,0.2977295,0.18046921,0.03928457,-0.33454344,-0.2601705,0.18144225,-0.1907533,-0.06581776,-0.05609159,0.076152615,0.109177954,0.03051473,-0.112445,0.00030075837,-0.00054169743,0.09824747,0,0.0
301,302,/content/drive/MyDrive/ReCirCor/training_data/training_data/49960_MV.wav,1,-0.5795144,-0.23197617,-0.60329425,-0.05074179,-0.0124496715,-0.22929779,-0.3243999,-0.09702904,0.26422188,-0.103913285,-0.048572034,0.07606882,-0.010676728,0.027214048,0.079208694,0.026928337,-0.05495542,0.05792912,-0.058699563,0.08252031,0,0.0
455,456,/content/drive/MyDrive/ReCirCor/training_data/training_data/50072_MV.wav,1,0.2905288,-0.07237997,-0.51383746,-0.034863688,-0.11831868,-0.35458285,0.2692034,0.025953492,0.033653453,-0.089091726,0.02627435,0.1426347,-0.06313778,-0.12715282,0.16001922,0.010075413,-0.081319734,-0.07501576,0.057228442,-0.047107592,0,0.0
902,903,/content/drive/MyDrive/ReCirCor/training_data/training_data/50359_TV.wav,1,-1.0664438,0.04173426,0.18367012,0.79420304,0.18198493,0.25587064,-0.020937083,-0.35313118,-0.21787624,0.1704111,0.11200399,-0.12454405,-0.114452966,0.03511984,0.2395022,0.061219946,-0.020573258,-0.0039753006,-0.11689619,-0.16539288,0,1.0
165,166,/content/drive/MyDrive/ReCirCor/training_data/training_data/49653_PV.wav,1,-0.21476933,-0.1326702,0.37557188,-0.08667818,-0.30180615,-0.01583919,-0.17048553,-0.001258344,-0.04252519,0.052847542,0.01902763,0.17060979,0.032494206,-0.06164897,-0.0024870366,-0.07333575,-0.010184979,0.03836869,-0.012599608,0.049743,0,0.0
974,975,/content/drive/MyDrive/ReCirCor/training_data/training_data/50649_PV.wav,1,-0.11569175,0.17241324,-0.33518973,-0.10059369,-0.15800728,0.04893592,0.32764074,0.1362765,-0.196741,-0.05196406,-0.1700017,0.112251356,0.11214609,-0.080470994,0.16269735,-0.045354925,0.050169375,-0.009532481,-0.07081886,-0.10241778,0,0.0
401,402,/content/drive/MyDrive/ReCirCor/training_data/training_data/50027_MV.wav,1,0.07551244,-0.24279784,-0.12811811,-0.2882188,-0.06593712,-0.06848469,-0.19930018,0.021766637,0.08715786,-0.046053257,0.03877944,0.1300145,-0.02062365,0.10107893,0.022300337,-0.05562752,-0.020769576,-0.12406589,0.012272197,0.046572346,0,0.0
950,951,/content/drive/MyDrive/ReCirCor/training_data/training_data/50635_AV.wav,1,-0.67637324,-0.06959731,-0.1329915,0.34164366,0.14245759,0.22164623,-0.10944202,-0.09682087,-0.14266366,0.03361914,0.14803243,-0.04342647,-0.008111782,-0.03692398,0.037179388,0.020746216,0.01926911,0.053674,0.0011500443,-0.016054634,0,0.0
980,981,/content/drive/MyDrive/ReCirCor/training_data/training_data/50654_PV.wav,1,1.9248216,-0.70306057,0.3190388,0.94159424,0.3950839,0.18616626,-0.14928049,0.12027145,0.32762477,0.006690184,-0.112052485,0.11561675,-0.23391509,0.11282571,-0.014604017,0.05295071,-0.039087366,-0.09327259,0.114133604,-0.060754653,0,1.0
355,356,/content/drive/MyDrive/ReCirCor/training_data/training_data/49998_MV.wav,1,-0.74644965,-0.19863947,-0.43614835,0.06367285,0.12198919,-0.18322878,-0.21154977,0.017941643,0.3434206,0.091205895,0.27392653,-0.07205267,-0.056980796,0.20246094,0.11653478,0.021771284,0.13239361,0.039889157,-0.043077268,-0.15716991,0,0.0
816,817,/content/drive/MyDrive/ReCirCor/training_data/training_data/50317_AV.wav,1,-0.7496791,0.0009867642,0.0049307966,0.5415772,0.050660256,0.37754878,-0.2325887,0.005811732,-0.03024494,-0.29966152,0.6500492,-0.32553577,0.091465056,-0.1308057,0.13043061,-0.13131835,-0.12705033,-0.09533264,0.09997295,0.062489204,0,0.0
347,348,/content/drive/MyDrive/ReCirCor/training_data/training_data/49994_TV.wav,1,0.12288742,-0.15360829,-0.31791773,-0.36483318,-0.043472126,-0.30161607,0.06638827,-0.13504389,0.015056161,-0.028657433,0.08370291,0.006373779,-0.029623495,0.077630445,-0.10022672,-0.01961305,-0.021266954,0.05117988,0.100795574,0.05475825,1,0.0
246,247,/content/drive/MyDrive/ReCirCor/training_data/training_data/49838_MV.wav,1,0.3831946,-0.08500582,-0.40538248,-0.3301787,0.06528697,-0.19169435,0.048836924,-0.15970677,-0.052687764,-0.08592587,0.08118502,-0.084460944,-0.09938538,0.16859242,-0.19472781,0.07533723,-0.16133915,-0.013349147,0.0437944,0.09606006,1,0.0
296,297,/content/drive/MyDrive/ReCirCor/training_data/training_data/49959_AV.wav,1,0.8278523,-0.07325937,-0.3282877,-0.31404334,0.12597543,0.30981052,-0.07551198,0.08846192,-0.11994045,-0.0736595,0.12805736,0.19241562,-0.10797755,0.10155559,0.11594765,-0.03440114,0.004271584,-0.04590486,0.15881966,-0.0451202,0,0.0
561,562,/content/drive/MyDrive/ReCirCor/training_data/training_data/50129_PV.wav,1,0.23180322,0.21575388,-0.36984485,-0.057463266,-0.042536926,0.4484157,0.04917014,0.15117753,0.06869823,-0.23269911,-0.11762848,0.09788388,-0.039447494,0.06257642,0.22641769,-0.1495269,-0.05090971,-0.14850558,-0.053554006,-0.0049395044,1,0.0
248,249,/content/drive/MyDrive/ReCirCor/training_data/training_data/49839_PV.wav,1,0.06341903,0.3074924,0.44620785,0.07513395,-0.45769042,0.26335773,0.21477427,-0.060984522,-0.103383504,-0.084064156,-0.027005639,0.04579112,-0.047217973,0.111730866,-0.1237615,-0.09465986,-0.12646581,0.008238619,0.04607719,-0.029504742,0,0.0
842,843,/content/drive/MyDrive/ReCirCor/training_data/training_data/50326_MV.wav,1,0.009659731,-0.05041057,0.5967144,-0.21819633,-0.28527167,0.09967215,-0.08646886,0.2240263,-0.06311035,0.14478412,0.055109046,0.044618342,-0.013693228,-0.1446214,-0.011709876,0.022184419,0.114937335,-0.013784179,-0.04813219,0.14714642,1,0.0
27,28,/content/drive/MyDrive/ReCirCor/training_data/training_data/14241_AV.wav,1,0.26593253,-0.22688526,-0.17209415,-0.4984373,0.13804263,0.12716855,-0.28567132,0.30325693,-0.19123943,0.34365454,0.05596996,-0.008539312,0.15434512,0.030108564,0.034517866,-0.15490864,0.14812659,0.05373731,-0.067458235,0.03225938,1,0.0
906,907,/content/drive/MyDrive/ReCirCor/training_data/training_data/50379_AV.wav,1,-0.348426,-0.083785355,0.403309,0.1192698,0.3210968,-0.20042376,0.16510196,0.10871339,-0.104778595,0.10293856,0.028453654,0.17336006,-0.07146788,-0.13009694,0.04455512,-0.00877359,-0.090234846,0.050858613,0.021886582,0.0668149,0,0.0
422,423,/content/drive/MyDrive/ReCirCor/training_data/training_data/50049_AV.wav,1,-0.63998806,-0.036894817,0.33289602,0.111796275,-0.35851395,0.12505482,-0.20316286,0.108066216,0.22210304,-0.018724604,0.39712065,-0.36880907,0.054387517,0.041046154,-0.075976536,0.048987996,-0.06239866,-0.123400345,0.10820198,0.13524495,0,0.0
255,256,/content/drive/MyDrive/ReCirCor/training_data/training_data/49850_AV.wav,1,-0.40953076,-0.24093412,-0.10336759,-0.055165816,0.20714155,0.04435004,-0.028661206,0.337469,-0.24715814,0.20006286,0.39196903,0.2315337,0.07725246,-0.1596304,0.014233059,-0.13460521,0.18568592,0.061632145,0.03087307,-0.080015324,1,0.0
941,942,/content/drive/MyDrive/ReCirCor/training_data/training_data/50624_PV.wav,1,-0.5774025,0.006932117,0.047290944,0.16968334,0.2323422,-0.02630577,-0.040038943,-0.015088387,0.150288,0.041860566,-0.11194604,-0.044055063,0.00815334,0.027350483,-0.016884675,0.02458168,0.1535859,-0.024090417,-0.120888315,-0.008334044,0,0.0
742,743,/content/drive/MyDrive/ReCirCor/training_data/training_data/50273_MV.wav,1,-0.33477023,0.10625727,0.45747125,0.2973504,0.33142054,0.22609974,0.04058076,0.020250931,-0.086095296,-0.080044195,0.027549477,-0.018057985,-0.052562956,-0.038569324,-0.028206252,0.015530148,-0.034526575,0.046539262,-0.006546174,0.07747323,0,0.0
6,7,7.wav,0,1.0751997,2.0321946,-0.22492953,-0.04868027,0.030498996,0.09478686,-0.56624097,0.64025533,0.009147984,0.18025582,0.21507548,-0.1721225,-0.12356881,0.110667855,-0.080995806,-0.07275308,-0.47693208,0.62808037,-0.34313077,-0.11427684,1,0.0
367,368,/content/drive/MyDrive/ReCirCor/training_data/training_data/50005_MV.wav,1,0.02171017,0.01794624,0.032608315,0.016929105,0.3117784,0.2823706,-0.09736179,0.15362918,-0.09786175,-0.08570172,-0.0042075184,0.16856441,-0.13014731,0.010199124,0.016170109,0.040169705,0.015435878,0.030598903,0.07059183,0.020914538,0,0.0
847,848,/content/drive/MyDrive/ReCirCor/training_data/training_data/50331_AV.wav,1,0.15753071,-0.050209023,0.10706834,-0.11201048,0.3103657,0.14959455,-0.053816207,0.02908006,-0.06998497,-0.09880094,-0.02948783,-0.04797333,0.03605941,-0.021650448,-0.041603204,-0.048243504,0.01190577,0.09826749,-0.0053063207,0.010425336,1,0.0
131,132,/content/drive/MyDrive/ReCirCor/training_data/training_data/49577_MV.wav,1,-0.6378613,-0.19190998,-0.54867923,0.060623974,-0.01885228,0.0780803,-0.22693501,-0.066983245,-0.1258937,0.0868381,-0.11648994,0.10321085,-0.062675856,0.03332747,0.03719392,0.09341295,-0.027260523,0.057640053,-0.004203646,0.055934366,0,0.0
786,787,/content/drive/MyDrive/ReCirCor/training_data/training_data/50297_PV.wav,1,-0.64833516,-0.2056561,0.25563097,0.33416337,0.33981648,0.027138572,-0.19056152,-0.096001044,-0.1019738,0.22443101,0.38130417,-0.04420023,-0.100661725,0.011327574,0.20164235,0.032059968,0.06876202,0.09317844,0.019919887,0.018393712,0,0.0
137,138,/content/drive/MyDrive/ReCirCor/training_data/training_data/49595_MV.wav,1,0.44045952,-0.23375958,0.4985679,-0.17100193,0.5685925,0.037966084,-0.21195164,-0.0057460405,-0.19635458,-0.104318194,0.13842951,0.10507953,-0.0047366936,-0.037870802,-0.15583652,-0.015342619,-0.082206905,0.14520802,-0.034506835,0.086941205,1,0.0
447,448,/content/drive/MyDrive/ReCirCor/training_data/training_data/50067_TV.wav,1,0.8808328,0.45015103,0.16061547,-0.25812784,-0.28931338,0.15083237,0.45260295,-0.23311286,-0.015639536,-0.15319434,0.14274381,-0.03497987,0.047762185,0.14115779,0.1761883,0.039582465,0.17221516,0.05705774,-0.028103996,0.05010295,0,0.0
497,498,/content/drive/MyDrive/ReCirCor/training_data/training_data/50096_TV.wav,1,0.10157161,0.05964045,-0.04442279,-0.12120037,-0.2728785,-0.33515763,0.267995,-0.14105222,-0.04643156,-0.029959153,0.013537985,0.04837881,0.0645711,-0.071987614,-0.038534872,-0.12593673,-0.08698972,-0.09263868,0.10810312,-0.028771404,0,0.0
19,20,20.wav,0,1.1771502,2.5514348,-0.10290296,0.5906967,0.2595368,-0.54189587,-0.7020188,-0.057935495,0.039816067,-0.042439748,-0.04874214,0.14006934,0.22390802,-0.28987807,0.04336619,0.070542075,0.0792717,-0.022069294,0.16952883,0.0174203,0,1.0
1,2,2.wav,0,0.9696925,2.3322768,-0.1531821,0.50554043,0.062150873,-0.37470925,-0.39333454,0.05341782,-0.0041875057,0.2215539,-0.14194235,0.03989131,0.0039471677,0.19964054,-0.12213982,-0.09283018,-0.07723791,-0.31521654,0.07240196,-0.023654476,0,1.0
113,114,/content/drive/MyDrive/ReCirCor/training_data/training_data/49562_AV.wav,1,-0.120357305,0.025565147,0.23254037,-0.08012381,0.19521251,0.08213758,0.18813847,0.1553774,-0.12944508,0.04339991,-0.07862934,0.012952479,0.009329468,0.057270475,-0.08564015,0.0064906403,0.010134327,-0.058562435,0.013797677,-0.033910412,0,0.0
915,916,/content/drive/MyDrive/ReCirCor/training_data/training_data/50385_PV.wav,1,-0.23337834,0.15582782,-0.14651532,0.0006497903,0.044112332,0.11563916,0.2574526,0.06774917,-0.12042701,0.02976325,0.077103026,-0.033530574,-0.069048606,0.14244881,-0.14102373,0.06823775,-0.07608078,-0.0063006645,0.12774841,0.08054775,0,0.0
318,319,/content/drive/MyDrive/ReCirCor/training_data/training_data/49979_MV.wav,1,1.778349,-0.059169434,0.093493044,0.16552326,-0.298764,-0.16076441,0.31706583,-0.085709944,-0.07685654,0.0071028443,0.16471297,-0.127643,-0.04868383,-0.057876628,0.29818156,0.03132025,0.120431356,0.13900508,-0.1273716,0.12107425,0,1.0
938,939,/content/drive/MyDrive/ReCirCor/training_data/training_data/50620_TV.wav,1,-0.71508497,-0.080540396,0.11854919,0.331958,-0.36478484,0.2007418,-0.23511884,-0.30299774,-0.065744884,0.029898519,0.028040146,-0.032232996,-0.11086517,0.09530203,0.065761305,0.08192656,0.019929377,0.015097819,-0.04266266,-0.021275558,0,0.0
689,690,/content/drive/MyDrive/ReCirCor/training_data/training_data/50244_MV.wav,1,-0.49124882,-0.22622342,0.2775693,-0.09095697,-0.3361008,-0.36203727,-0.21575761,-0.0050910753,0.39488217,-0.18677428,0.12225901,0.12932621,-0.03706458,0.013690521,0.04264454,-0.0062340363,-0.05895882,0.04803039,0.0072103543,-0.0011422195,0,0.0
686,687,/content/drive/MyDrive/ReCirCor/training_data/training_data/50244_AV.wav,1,-0.21771608,0.059207637,-0.38162977,0.032951932,-0.1264779,0.21729463,0.15141024,0.08451957,0.11223066,-0.1001942,-0.015078104,-0.029713305,-0.113682404,0.19049743,-0.10201869,-0.01347241,0.025047475,0.03363298,-0.007192498,0.03026665,0,0.0
604,605,/content/drive/MyDrive/ReCirCor/training_data/training_data/50165_PV.wav,1,-0.03538299,-0.023256715,0.047605187,-0.16019975,-0.19457354,0.15399304,-0.21140768,0.06977565,-0.16233665,-0.0263249,-0.10580683,0.061669264,-0.086054206,-0.09204463,-0.044233013,0.15480328,0.04829533,0.09319997,0.103527725,-0.03542144,0,0.0
240,241,/content/drive/MyDrive/ReCirCor/training_data/training_data/49829_AV.wav,1,-0.2282946,-0.10831675,-0.48591068,0.09604013,-0.11970102,0.08577619,0.1331451,0.11950499,-0.06013129,-0.019433958,-0.040945727,0.14609435,-0.13276133,0.0029251035,-0.038643684,-0.022625864,-0.013324824,0.026165335,-0.03346864,0.035519045,0,0.0
750,751,/content/drive/MyDrive/ReCirCor/training_data/training_data/50276_MV.wav,1,-0.5096892,0.24458368,0.28646716,0.32098073,0.07446866,0.15232302,0.378877,0.20282777,0.16741888,-0.16445376,0.14993657,-0.01372731,-0.07753976,0.099387884,-0.19468953,-0.034724806,0.016937312,-0.06897508,-0.04738669,-0.07650947,0,0.0
495,496,/content/drive/MyDrive/ReCirCor/training_data/training_data/50096_AV.wav,1,-0.10200277,-0.13183385,-0.16283484,-0.13060796,0.2620345,-0.20267737,-0.057780482,-0.09864041,-0.014527801,-0.00052528345,-0.11055372,0.15914163,-0.011654788,0.041179053,0.02185255,-0.008034879,-0.08944833,0.01824028,-0.01644685,0.062963404,0,0.0
454,455,/content/drive/MyDrive/ReCirCor/training_data/training_data/50072_TV.wav,1,0.24261326,-0.08181348,-0.15340395,0.1313154,-0.31856567,-0.24356088,0.20349026,0.1032471,-0.016325073,-0.038798627,0.027283804,0.21185167,-0.14864802,-0.24463396,0.097740054,0.0111775175,-0.07530041,-0.084979355,-0.06622295,-0.040471163,0,0.0
261,262,/content/drive/MyDrive/ReCirCor/training_data/training_data/49854_AV.wav,1,-0.046301797,-0.12363325,0.43181422,0.09531124,-0.37971267,-0.04780274,-0.031033551,-0.09755548,-0.15788892,0.06961578,-0.067084305,0.11178713,-0.07817191,-0.17968236,-0.1013869,-0.020090511,-0.07103324,0.118760586,0.009738495,-0.07197664,0,0.0
364,365,/content/drive/MyDrive/ReCirCor/training_data/training_data/50004_PV.wav,1,0.204095,-0.22427936,0.51940024,-0.26199517,-0.14696136,0.08985102,-0.48623955,0.06745061,0.025120396,0.11683282,-0.047546886,0.043256782,-0.016030984,0.03857713,0.05546417,-0.07918947,-0.017854657,-0.11771484,-0.12824813,0.044667277,0,0.0
518,519,/content/drive/MyDrive/ReCirCor/training_data/training_data/50109_MV.wav,1,-0.43206802,0.008530409,-0.011593072,0.22742802,0.12661828,0.08201326,0.13547744,-0.019977015,-0.14844824,-0.07916747,-0.012835232,0.05464684,0.02519445,-0.037867773,0.036175523,-0.11642966,-0.20281097,-0.014503391,0.051716644,0.07581129,0,0.0
368,369,/content/drive/MyDrive/ReCirCor/training_data/training_data/50006_AV.wav,1,1.245242,-0.60863656,-0.09899855,0.20987,0.42140764,0.34960982,-0.49498314,0.34143707,0.011727163,-0.066871375,-0.08261372,0.2842186,-0.011851213,0.050452176,0.36653474,0.2016311,0.029420415,-0.057108376,0.22170368,-0.15894356,0,0.0
791,792,/content/drive/MyDrive/ReCirCor/training_data/training_data/50298_MV.wav,1,-0.7917456,-0.23774289,-0.5448629,0.26938146,0.048338447,0.053983517,-0.38578856,-0.25613597,-0.087954015,0.035353467,0.52287596,-0.25651792,0.061880864,0.047731794,0.19410034,-0.020648824,0.026951218,-0.025682759,-0.03336107,-0.094095886,0,0.0
637,638,/content/drive/MyDrive/ReCirCor/training_data/training_data/50216_AV.wav,1,-0.24333344,-0.019965418,-0.1736319,-0.12202772,-0.17576542,0.02098778,0.08269635,-0.011647083,-0.046878822,0.016849905,-0.032295704,0.022901833,-0.06425537,0.12835397,0.012098982,0.023754142,-0.10406307,0.049105704,0.05073694,0.020535974,0,0.0
735,736,/content/drive/MyDrive/ReCirCor/training_data/training_data/50272_AV.wav,1,-0.6863465,-0.17586929,0.2749307,0.12872802,-0.39902684,-0.33268404,-0.26388147,-0.3360732,0.2810755,-0.1185017,0.16168474,0.039655074,0.017846603,9.630434e-05,-0.16518383,0.0052461503,0.088235386,0.06130352,-0.027653996,-0.122247756,0,1.0
252,253,/content/drive/MyDrive/ReCirCor/training_data/training_data/49842_PV.wav,1,-0.5596589,0.050001528,-0.4997528,0.21774668,-0.14723793,0.16873048,0.035527583,-0.02954627,-0.047383443,-0.112078555,-0.024859892,0.04977315,0.07786357,-0.025164135,-0.019218804,-0.06471771,0.026454983,-0.07536711,-0.04294695,0.007742336,0,0.0
98,99,/content/drive/MyDrive/ReCirCor/training_data/training_data/46065_PV.wav,1,0.41680086,-0.029319428,-0.24586314,-0.28060797,0.008106238,0.15207973,-0.049039274,0.06010274,-0.24078727,0.0027545432,0.025264936,0.088512525,0.009834192,0.028497756,-0.14680745,0.058517948,0.06474851,-0.044385154,0.001718688,-0.018614616,1,0.0
176,177,/content/drive/MyDrive/ReCirCor/training_data/training_data/49678_TV.wav,1,-0.29043788,0.14228995,-0.050325174,-0.0001529213,0.07801925,-0.20341633,0.3720406,0.12497792,0.21449383,-0.14292671,-0.046106998,0.053135015,-0.018071463,0.019485338,0.10244782,-0.01688679,0.0145800635,0.03259471,-0.023813076,-0.073317654,0,0.0
790,791,/content/drive/MyDrive/ReCirCor/training_data/training_data/50298_TV.wav,1,-0.4829298,-0.16545676,-0.34690753,0.0014184527,-0.11668837,-0.10039,-0.2231101,-0.12430407,0.014719732,0.03446618,-0.092544034,0.090933606,0.045225877,-0.01424041,0.031808607,-0.01980747,0.035282828,0.09201867,-0.038939334,-0.041272365,0,0.0
955,956,/content/drive/MyDrive/ReCirCor/training_data/training_data/50639_TV.wav,1,-0.5590138,0.05357981,-0.4250493,0.18567368,-0.052253973,0.15619358,0.014787132,-0.2578128,-0.19109915,0.11387237,-0.14149235,-0.16083,-0.07011877,0.118990675,-0.01034666,0.09019558,0.103765495,0.0075932248,0.07521408,-0.13007009,0,0.0
774,775,/content/drive/MyDrive/ReCirCor/training_data/training_data/50291_AV.wav,1,1.5105041,-0.49036694,-0.51628363,0.48036712,0.080487914,0.5353342,-0.038646825,-0.27231678,0.7200354,0.31078568,-0.41656566,-0.2252067,-0.4131155,-0.34080964,0.059082985,-0.5613471,0.20899032,0.35648286,0.35486284,0.085469,0,1.0
609,610,/content/drive/MyDrive/ReCirCor/training_data/training_data/50168_MV.wav,1,-0.7301718,-0.13711414,0.020696517,0.19091773,0.25541142,-0.08073944,-0.15929498,-0.07585965,0.06315369,-0.017719109,0.05321249,-0.23422143,0.05634298,-0.06451885,0.13521683,0.05243194,-0.13905954,-0.016039921,0.032348167,0.22339949,0,0.0
95,96,/content/drive/MyDrive/ReCirCor/training_data/training_data/45843_TV.wav,1,-0.0019425948,0.11715439,0.11722168,-0.12765701,0.24058188,-0.22641206,0.1630616,-0.0025333473,0.003186009,-0.053958632,-0.08135062,0.051156525,0.045696985,-0.083121546,0.15605988,-0.04147226,-0.15061314,0.075400576,0.08426801,-0.048523806,1,0.0
917,918,/content/drive/MyDrive/ReCirCor/training_data/training_data/50385_MV.wav,1,-0.19577473,0.10352975,-0.29924652,-0.0076677697,-0.091202505,0.43371546,0.048578244,0.19283643,-0.040261094,-0.15531836,0.14018402,-0.031206174,-0.12232882,0.12999254,-0.08449035,0.09924524,0.15446675,-0.022436941,-0.06529856,0.11211149,0,0.0
662,663,/content/drive/MyDrive/ReCirCor/training_data/training_data/50229_PV.wav,1,0.8033171,-0.0013717191,0.67614967,-0.4173071,0.6484092,0.14187446,-0.120355695,0.074100584,-0.027835911,0.112521864,-0.067032635,-0.23831062,0.030137965,-0.0029127675,0.11783235,0.099662125,0.03502927,-0.13746831,0.12201437,-0.0204616,1,0.0
741,742,/content/drive/MyDrive/ReCirCor/training_data/training_data/50273_TV.wav,1,-0.22015814,0.072686605,-0.42232716,0.046735242,-0.12384138,0.0155445095,0.24163437,0.22426082,0.076921634,-0.056333456,0.0140539175,-0.074460775,-0.11212849,-0.04536574,-0.091360666,0.051427793,-1.9977231e-05,-0.03782773,0.020166257,-0.06947151,0,0.0
989,990,/content/drive/MyDrive/ReCirCor/training_data/training_data/50657_AV.wav,1,0.0711815,0.020337056,0.2542091,-0.17463213,-0.2643177,-0.03332472,0.08561405,0.054045036,-0.06293304,0.08495462,0.02797767,0.039031416,-0.0007389061,0.04816352,0.03815007,-0.07547484,-0.07525395,-0.054557268,0.016138693,-0.006699812,0,0.0
335,336,/content/drive/MyDrive/ReCirCor/training_data/training_data/49989_PV.wav,1,0.2968557,0.15149213,0.29127702,-0.38022736,-0.32015714,0.08907607,-0.032089375,0.20408474,0.014169306,0.12949334,0.06707699,-0.07137322,-0.13673978,0.14646713,-0.111788206,0.1711818,0.057864424,-0.021326052,0.17192832,-0.07920172,1,0.0
404,405,/content/drive/MyDrive/ReCirCor/training_data/training_data/50029_TV.wav,1,0.2951282,-0.26131153,-0.4333371,-0.24261795,0.054355886,-0.1408425,-0.08666388,-0.21852243,0.0036424864,-0.01840024,0.061416347,0.2112877,0.08717854,0.15176561,-0.12161285,-0.20626883,0.021305872,-0.17715402,-0.09924364,-0.004387334,0,1.0
182,183,/content/drive/MyDrive/ReCirCor/training_data/training_data/49687_AV.wav,1,-0.39922968,-0.008021821,-0.3350512,0.031753127,-0.16175118,0.13032924,-0.019437643,0.13829376,-0.091296285,-0.09536106,0.1314627,0.17112029,0.08991221,-0.0997691,-0.063439205,-0.106602214,0.105921224,0.019220833,-0.026808549,-0.11950918,0,0.0
547,548,/content/drive/MyDrive/ReCirCor/training_data/training_data/50125_MV.wav,1,-0.8408572,0.046676427,0.30818513,0.28668475,0.23574781,-0.04990648,0.06611927,0.18191457,0.23728015,-0.05926255,0.06997331,-0.404923,0.19331466,-0.13537923,0.06792746,-0.09802929,-0.1369506,-0.057790738,-0.0304119,0.061624367,0,0.0
550,551,/content/drive/MyDrive/ReCirCor/training_data/training_data/50126_TV.wav,1,-0.60130143,0.06710642,-0.5230038,0.18046534,-0.09185299,0.16006103,0.007691903,-0.096274346,-0.123530895,0.1988115,-0.47120816,-0.06554352,-0.14637879,-0.030023748,0.09294344,0.12414663,-0.014241516,-0.023032686,-0.119325586,0.052685358,0,0.0
720,721,/content/drive/MyDrive/ReCirCor/training_data/training_data/50261_AV.wav,1,-0.37314272,-0.2171513,-0.49541107,-0.19563699,-0.0013504981,-0.16657187,-0.09864441,0.01595932,0.058715384,-0.033003952,0.14288469,-0.024956834,-0.06335237,0.061965168,-0.080336675,0.04218069,-0.09052011,0.044839334,0.15076219,0.04704662,0,0.0
465,466,/content/drive/MyDrive/ReCirCor/training_data/training_data/50076_MV.wav,1,0.1372114,-0.0022827347,0.35063863,-0.1666742,-0.29638225,-0.034554616,0.04996303,-0.12345906,-0.18632096,0.08177403,0.14791618,0.17445667,-0.026824638,0.08884749,-0.16604899,-0.059144806,0.033084754,-0.015661808,0.0981342,0.07832894,0,0.0
680,681,/content/drive/MyDrive/ReCirCor/training_data/training_data/50238_MV.wav,1,-0.50311387,0.0643621,0.16820262,0.09916908,0.11529825,-0.12072443,0.3555015,0.09741202,0.035896532,0.04532562,0.14516078,-0.12349236,0.11341565,-0.02690365,-0.06633191,-0.13590084,-0.027841028,-0.017416976,0.12873514,-0.001845914,1,0.0
187,188,/content/drive/MyDrive/ReCirCor/training_data/training_data/49691_PV.wav,1,-0.035506524,0.16938403,0.33852878,-0.029510539,0.2263357,-0.111548334,0.34211016,0.1509668,-0.0115661,-0.017247798,0.081704,0.07110527,-0.039232578,-0.021949816,0.031272218,0.012697587,0.054204542,0.0068746987,0.07315851,0.004109012,1,0.0
557,558,/content/drive/MyDrive/ReCirCor/training_data/training_data/50128_PV.wav,1,-0.49955472,0.097342715,0.50081235,0.27429458,0.3110954,0.044357803,0.17431566,0.22180891,-0.084270194,0.115438126,-0.233296,0.111439385,-0.001615342,-0.053207267,0.026977384,0.02939949,0.029971223,-0.019924507,-0.050601035,-0.049006656,0,0.0
211,212,/content/drive/MyDrive/ReCirCor/training_data/training_data/49748_AV_1.wav,1,0.37446263,0.019544618,0.28457838,-0.1541725,0.32655975,-0.20759942,0.24454007,-0.23483036,-0.039929308,-0.21275608,-0.015707994,-0.05426715,0.044652157,-0.02134941,-0.016860427,-0.016436609,-0.0068274317,0.047840185,-0.016147947,0.042715725,1,0.0
421,422,/content/drive/MyDrive/ReCirCor/training_data/training_data/50048_MV.wav,1,-0.19527899,0.14522342,-0.35319468,-0.011530276,-0.15551041,0.20269883,0.18430932,0.13447393,-0.020508824,-0.16835892,-0.104477584,0.1002125,0.11444379,-0.060421884,0.09801757,-0.11454934,0.051733397,-0.10816061,-0.033628456,0.06567704,0,0.0
684,685,/content/drive/MyDrive/ReCirCor/training_data/training_data/50239_MV.wav,1,0.07442104,-0.07829348,-0.42966226,-0.14059155,0.018970106,0.030112183,0.06393982,-0.028199803,-0.0036929443,-0.119628266,-0.051201038,0.05184091,-0.059255112,0.08564222,0.038088284,-0.032526713,-0.050079066,0.06860948,-0.07424701,-9.835432e-05,0,0.0
444,445,/content/drive/MyDrive/ReCirCor/training_data/training_data/50066_AV.wav,1,0.1107333,-0.14798892,0.27922377,-0.089432664,0.4217497,0.047513776,-0.15860389,0.024970036,-0.18832137,-0.11666788,0.13108169,0.20255427,0.033227544,-0.08677079,-0.13503785,-0.035189558,-0.013399039,0.02475987,-0.09307589,0.04163156,0,0.0
618,619,/content/drive/MyDrive/ReCirCor/training_data/training_data/50206_TV.wav,1,-0.6530063,-0.11640084,-0.4269284,-0.03346109,-0.04285486,-0.15234007,0.032605648,-0.030533059,0.08903776,0.14534691,0.12974681,-0.31745932,0.1413209,0.06465724,-0.13287222,0.0047422475,0.05725462,-0.10579816,0.06575897,0.0933619,0,0.0
482,483,/content/drive/MyDrive/ReCirCor/training_data/training_data/50086_PV.wav,1,-0.4135033,-0.04346035,-0.29430944,0.19731721,0.08924806,0.29545707,0.008176535,-0.3420864,-0.42896038,0.045951534,-0.24043256,-0.16636617,0.15038128,-0.042976152,-0.17885272,-0.023048759,-0.09025077,0.045222245,0.030876065,0.08397797,0,0.0
832,833,/content/drive/MyDrive/ReCirCor/training_data/training_data/50323_PV.wav,1,0.55295706,-0.2839805,-0.47297016,-0.2529728,0.08879781,-0.0035203823,-0.12051184,-0.0283532,-0.07243471,-0.18847196,-0.031122928,0.1696127,-0.011817356,-0.032591533,0.085089326,-0.036881104,0.019526381,0.07160399,0.035677884,0.034145284,0,0.0
719,720,/content/drive/MyDrive/ReCirCor/training_data/training_data/50260_MV.wav,1,0.05889936,-0.09036068,-0.35481322,-0.026078606,-0.13704878,0.00594061,0.010869105,0.20900793,0.2874942,-0.35390607,0.10144555,-0.009078059,0.032799613,0.036806513,-0.099553265,-0.0556255,0.039541733,0.0576691,0.042778708,-0.04669718,1,0.0
614,615,/content/drive/MyDrive/ReCirCor/training_data/training_data/50204_AV.wav,1,0.33334577,-0.08531437,0.56249565,-0.32440925,-0.21205983,0.0033023264,-0.20588587,-0.09186931,-0.05175018,0.034785964,-0.02984433,0.037323125,-0.032220867,0.08617029,0.033300415,-0.0029005606,-0.0661835,-0.083361566,0.0015650654,0.06557754,0,0.0
1022,1023,/content/drive/MyDrive/ReCirCor/training_data/training_data/50673_TV.wav,1,-0.4278794,0.091178276,-0.41692466,-0.08223863,-0.13011669,-0.12987442,0.27872673,0.16111119,-0.0043504084,0.042782534,-0.05238886,-0.018499486,0.14395799,-0.039065134,0.019354448,-0.098793365,-0.03436641,-0.03106842,0.11006634,-0.025464203,0,0.0
192,193,/content/drive/MyDrive/ReCirCor/training_data/training_data/49712_AV.wav,1,0.2982125,0.2719379,0.51701176,-0.17541653,-0.39418095,-0.12939426,0.25815415,-0.088585965,-0.035928063,0.06051449,0.010804227,-0.050083674,0.049446106,-0.026868777,0.0019508023,-0.10467856,-0.11267522,0.11709373,0.0385607,-0.052419703,1,0.0
392,393,/content/drive/MyDrive/ReCirCor/training_data/training_data/50018_AV.wav,1,-0.37088108,-0.15742698,0.16609448,-0.09286992,-0.16225743,0.091055624,-0.38286403,0.060824133,0.13401839,0.1575901,0.13798599,-0.18870707,-0.16262317,0.1455617,0.22251816,0.082333356,0.013969184,-0.07682911,0.09256914,-0.11227764,0,0.0
71,72,/content/drive/MyDrive/ReCirCor/training_data/training_data/39403_TV.wav,1,0.5115114,-0.07671406,0.30981687,-0.06318027,0.49606085,0.15842974,0.2615723,-0.022376543,-0.007396991,-0.12675224,0.11392964,0.1287595,0.16791774,0.11072195,-0.03549991,-0.25769424,-0.09821998,-0.2041892,-0.22260985,0.095198035,0,0.0
480,481,/content/drive/MyDrive/ReCirCor/training_data/training_data/50085_TV.wav,1,-0.15552212,0.121224485,0.5851471,-0.14146498,-0.4188357,-0.012346767,0.06713291,0.11481311,0.10667171,-0.11937841,-0.0852227,-0.13660316,0.057421673,-0.058091328,0.0029047083,0.025687324,-0.03620214,-0.002038328,-0.046966814,0.103842236,0,0.0
904,905,/content/drive/MyDrive/ReCirCor/training_data/training_data/50375_AV.wav,1,-0.052987177,-0.13786592,-0.4257806,-0.14779982,0.0005073519,0.20020138,-0.072204664,0.05997714,-0.03855834,-0.22553954,0.0024441353,-0.097472996,-0.05328578,-0.00934873,-0.1481395,0.069139674,0.009277832,0.023944858,-0.027325172,0.0494108,0,0.0
124,125,/content/drive/MyDrive/ReCirCor/training_data/training_data/49574_AV.wav,1,-0.024049083,-0.21338554,0.5427022,-0.36112496,-0.2130454,-0.15306886,-0.22319974,-0.0064994046,-0.06804821,0.18479119,-0.08554022,-0.041401416,0.055539265,-0.03525657,-0.12908149,0.022579692,-0.008956065,0.06143996,-0.006935906,0.10448233,1,0.0
360,361,/content/drive/MyDrive/ReCirCor/training_data/training_data/50001_AV.wav,1,0.6473588,-0.05203226,0.5257802,0.24337527,-0.5100339,0.7226582,-0.28020602,0.01070922,0.53609943,-0.0506568,-0.11707489,0.04172019,-0.029299794,-0.101940915,-0.11925424,-0.18316592,0.020535385,0.0077657118,-0.022695944,-0.013422699,0,0.0
133,134,/content/drive/MyDrive/ReCirCor/training_data/training_data/49585_PV.wav,1,-0.33128795,0.044754326,-0.00884525,-0.013654187,0.1458854,-0.09117169,0.25154355,0.115833975,-0.10989256,0.04417121,0.03012172,0.10401778,0.07264911,-0.09034211,-0.037229523,-0.041866817,0.038165957,-0.02079054,0.011784338,0.06824344,0,0.0
323,324,/content/drive/MyDrive/ReCirCor/training_data/training_data/49983_AV.wav,1,-0.27663413,0.017256597,0.46987945,-0.003307454,0.4176868,0.054550137,-0.0034668203,0.18593621,0.037841804,0.120074615,-0.08942874,-0.18756497,-0.024184437,-0.02834273,-0.0059818043,0.028979989,0.02718596,-0.007085186,0.015781298,-0.03363217,0,0.0
283,284,/content/drive/MyDrive/ReCirCor/training_data/training_data/49930_TV.wav,1,-0.25223136,0.11244237,-0.16620013,0.08417601,0.0323261,-0.08754901,0.28747883,0.080977805,0.08221983,-0.18895085,-0.045223005,0.21193339,-0.059375945,0.024128387,0.1316574,-0.0046798647,-0.026693406,-0.09429622,0.041692287,0.012340259,0,0.0
513,514,/content/drive/MyDrive/ReCirCor/training_data/training_data/50105_TV.wav,1,-0.49071476,-0.061483394,0.36596805,0.009052772,-0.40558106,-0.19775984,-0.14386207,-0.079962984,0.2526484,-0.18635058,-0.07323647,0.052758235,-0.0002478302,-0.022582704,0.04383673,-0.010543326,-0.09633156,-0.0194249,-0.034141343,0.09240164,0,0.0
566,567,/content/drive/MyDrive/ReCirCor/training_data/training_data/50136_MV.wav,1,0.97151077,0.19559656,0.4199176,-0.5444523,-0.10857945,0.26640835,-0.20878145,-0.13199073,-0.17019717,-0.10004786,-0.07333631,-0.28839412,0.12655005,-0.12366981,0.10680037,0.03579886,0.017564807,-0.0068415375,-0.08763556,-0.024204802,1,0.0
616,617,/content/drive/MyDrive/ReCirCor/training_data/training_data/50204_MV_2.wav,1,1.3090041,-0.092445515,-0.25809819,-0.38511968,0.1781471,0.28656602,-0.04837458,-0.010077736,-0.048313525,-0.062462147,0.13541797,-0.1132609,-0.022004593,0.08571305,-0.034732267,0.032932878,0.058670625,-0.051586334,0.059121992,-0.068545364,0,0.0
708,709,/content/drive/MyDrive/ReCirCor/training_data/training_data/50255_MV.wav,1,0.4037178,-0.049178224,-0.24220951,-0.44108877,0.2277562,0.07743828,-0.19614643,-0.033678833,-0.054651983,-0.055570915,-0.10053198,-0.18786626,0.1302842,0.001621625,-0.0694864,-0.035662316,0.16984986,-0.09546784,-0.061063908,-0.09955105,0,0.0
755,756,/content/drive/MyDrive/ReCirCor/training_data/training_data/50278_AV.wav,1,-0.37280235,0.08161071,-0.0036547363,0.06564011,0.13263,0.16086411,0.01634981,0.26144543,0.17605096,-0.10288733,0.047960743,0.012183854,-0.09758456,0.027728574,-0.014981338,-0.025239415,0.036450118,-0.017874803,-0.023425767,0.05647916,0,0.0
505,506,/content/drive/MyDrive/ReCirCor/training_data/training_data/50103_PV.wav,1,-0.28500748,0.13939904,0.47375634,0.08084199,-0.45796478,-0.14862053,0.11733226,-0.23509678,-0.10703455,0.16525634,-0.40180412,0.16516872,-0.050840437,0.018162357,0.11539095,0.05271165,-0.05802434,-0.03309842,0.038496327,-0.026591582,0,0.0
702,703,/content/drive/MyDrive/ReCirCor/training_data/training_data/50251_MV.wav,1,0.41478467,-0.26408723,0.365869,-0.081205994,0.54118997,-0.25431404,-0.20150428,-0.35274464,0.064987555,-0.1626781,0.10068057,0.016572604,-0.04635499,0.14329518,0.014543626,-0.27616033,-0.02556131,-0.13428684,-0.15265009,0.11823682,0,0.0
288,289,/content/drive/MyDrive/ReCirCor/training_data/training_data/49946_PV.wav,1,-0.3144147,0.16666384,0.024333343,0.09701342,0.14809754,0.11320571,0.1660148,0.16318814,0.180012,-0.22951299,-0.07003193,-0.08948255,0.07798248,0.0028122964,0.0007025817,-0.09323234,-0.034943208,-0.04918067,-0.13074331,-0.107351206,0,0.0
